"","Year","Month","Day","Sampling Site","Depth","Conductivity (mmohs·cm-1)","pH (units)","Alkalinity (mg·L-1 as CaCO3)","Turbidity (NTU)","Color (PT units)","Calcium (mg·L-1)","Magnesium (mg·L-1)","Iron (mg·L-1)","Total Phosphorus (mg·L-1 as P)","Total Filterable Phosphorus (mg·L-1 as P)","Filterable Reactive Phosphorus (mg·L-1 as P)","Total Kjeldahl Nitrogen (mg·L-1 as N)","Ammonia (mg·L-1 as N)","Nitrate + Nitrite (mg·L-1 as N)","Reactive Silicon (mg·L-1 as Si)","Particulate Carbon (mg·L-1 as C)","Total Particulate Phosphorus (mg·L-1 as P)","Total Particulate Nitrogen (mg·L-1 as N)","N:P (atom ratio)"
"1",1996,3,19,"1",1,187,6,5.3,1,11,3,3.6,46,2.8,1.6,0.8,41.1,1.7,64.7,738,7,NA,NA,"90:1"
"2",1996,3,19,"1",66,235,6,6.7,0.8,10,3,5.1,36,3.2,2.3,1,28.2,3.6,71.4,712,7,NA,NA,"74:1"
"3",1996,3,19,"2",1,193,5.9,7.3,1,10,3,3.6,34,4,1.5,0.8,54.2,2.1,66.3,700,7,NA,NA,"72:1"
"4",1996,3,19,"2",66,201,6.5,7.5,0.5,8,3,4.3,29,2.7,1.1,0.8,29.8,1.8,69.6,693,7,NA,NA,"88:1"
"5",1996,3,19,"3",1,246,6.3,7.2,0.5,9,3,3.6,27,3.1,1.1,0.8,42,1.6,66.2,700,7,NA,NA,"83:1"
"6",1996,3,19,"3",66,218,6,5.6,0.5,12,3,4.3,36,4,4.3,3.2,50.1,1.6,57.4,700,7,NA,NA,"64:1"
"7",1996,4,20,"1",1,204,6.3,6.5,0.2,8,2.7,4.6,18,3.3,1.4,0.6,69.6,4.2,67.6,772,7,NA,NA,"99:1"
"8",1996,4,20,"1",66,207,6.3,6.5,0.2,9,2.7,4.6,32,3.5,1.9,1,60.7,4.7,68.2,759,7,NA,NA,"88:1"
"9",1996,4,20,"2",1,206,6.4,6.3,0.3,8,2.7,4.6,29,2.7,0.9,0.8,41.1,3,67.3,759,7,NA,NA,"96:1"
"10",1996,4,20,"2",66,207,6.3,6.3,0.3,9,2.7,3.8,15,2.7,1.4,0.9,37.2,2.7,63.2,759,7,NA,NA,"89:1"
"11",1996,4,20,"3",1,210,7,7.8,0.3,8,2.7,4.6,18,4.6,1.4,0.6,65.9,2.7,68.7,759,7,NA,NA,"70:1"
"12",1996,4,20,"3",66,210,6.8,7.5,0.2,9,3.6,3.8,29,2.5,0.8,0.5,50.9,0.9,67.2,759,7,NA,NA,"113:1"
"13",1996,5,19,"1",1,202,6.4,6.5,0.3,9,3.6,5,7,3,1.1,0.6,48.5,4.1,64.4,838,34,NA,NA,"90:1"
"14",1996,5,19,"1",66,214,6.2,5.3,0.3,12,3.6,5,18,3.4,1,0.6,55,3.2,68.5,791,51,NA,NA,"87:1"
"15",1996,5,19,"2",1,210,6.2,6.1,0.3,9,3.6,5,6,3,1.5,0.6,71.2,1.4,62.8,771,54,NA,NA,"107:1"
"16",1996,5,19,"2",66,213,6.3,6.6,0.2,6,3.6,5,10,3.3,0.9,0.5,46.9,1.5,70.9,771,7,NA,NA,"85:1"
"17",1996,5,19,"3",1,221,6.4,6.6,0.2,8,3.6,5,8,3,1.4,1,57.4,5.8,63.2,764,78,NA,NA,"96:1"
"18",1996,5,19,"3",66,230,6.1,5.8,0.2,6,3.6,6,8,3.7,0.8,0.4,55,3.4,69.3,757,7,NA,NA,"80:1"
"19",1996,6,18,"1",1,184,5.5,2.1,0.6,6,2.7,3.5,44,6.8,1.9,1.5,88.2,6,33.1,189,175,NA,NA,"43:1"
"20",1996,6,18,"1",66,210,6.2,5.4,0.4,11,2.7,4.2,30,2.5,2.6,1.9,39.6,3.8,69.5,243,7,NA,NA,"104:1"
"21",1996,6,18,"2",1,137,6.1,3.3,0.4,6,1.8,2.8,32,3.1,1.7,1,71.2,3.2,31.7,201,110,NA,NA,"79:1"
"22",1996,6,18,"2",66,233,3.8,NA,0.2,6,3.6,4.2,38,2.6,1.6,1,53.3,3.9,70,357,7,NA,NA,"113:1"
"23",1996,6,18,"3",1,198,7,7.2,0.4,8,3.6,3.5,38,4.2,2.5,2.1,88.2,6.6,24.9,201,210,NA,NA,"64:1"
"24",1996,6,18,"3",66,235,4.4,NA,0.7,6,3.6,3.5,64,3,1.5,0.8,46.9,4.4,68.3,466,42,NA,NA,"92:1"
"25",1996,7,24,"1",1,187,5.8,3.1,0.6,5,2.8,3.1,13,3,1.4,0.7,76.1,3.6,24.7,740,128,NA,NA,"80:1"
"26",1996,7,24,"1",66,225,6.2,5.5,1.1,8,3.7,4.7,17,3,2,0.8,56.6,5,69,798,7,NA,NA,"100:1"
"27",1996,7,24,"2",1,169,5.4,1.8,1,8,2.8,3.1,10,2.7,1.6,0.8,62.3,3.8,26.8,746,75,NA,NA,"79:1"
"28",1996,7,24,"2",66,202,6.2,5.6,0.7,6,3.7,4.7,10,2.8,1.4,0.7,51.6,0.9,63.4,781,7,NA,NA,"98:1"
"29",1996,7,24,"3",1,171,6.7,6.3,0.6,9,3.7,3.1,13,4.2,1.1,1.2,82.8,2.4,27.7,786,54,NA,NA,"63:1"
"30",1996,7,24,"3",66,214,6.6,6.2,0.6,10,3.7,4.7,10,2.7,1.1,0.8,57.5,3.5,67.7,798,7,NA,NA,"111:1"
"31",1996,8,19,"1",1,147,6.6,7.9,0.6,10,2.7,2.4,41,2.9,1.3,0.9,95.4,5.6,15,834,98,NA,NA,"91:1"
"32",1996,8,19,"1",66,227,5.9,3.8,0.7,10,3.7,3.7,29,3.8,1,0.7,53.3,4.5,71.3,883,7,NA,NA,"78:1"
"33",1996,8,19,"2",1,155,6.6,6.4,0.6,10,3.7,2.4,27,2.5,0.6,0.7,72.7,2.1,13.5,827,60,NA,NA,"82:1"
"34",1996,8,19,"2",66,222,6.4,6.7,0.5,10,3.7,3.7,27,2.3,0.6,0.6,49.9,3.3,72.9,877,7,NA,NA,"127:1"
"35",1996,8,19,"3",1,160,6.6,6.9,0.7,18,2.7,2.4,22,5.2,1.4,1.4,91.2,4.9,14.5,864,75,NA,NA,"48:1"
"36",1996,8,19,"3",66,220,6.4,6.5,0.5,12,3.7,3.1,22,3.6,0.7,0.6,53.3,6.3,69.9,901,10,NA,NA,"82:1"
"37",1996,9,18,"1",1,151,6.5,7.1,1,13,2.6,2.6,9,3.2,1.1,0.8,61.8,5.7,26.3,788,45,NA,NA,"66:1"
"38",1996,9,18,"1",66,233,6.3,7,1,12,2.6,3.9,14,3.2,2,1.3,58.4,5.6,67.4,775,7,NA,NA,"94:1"
"39",1996,9,18,"2",1,328,6.8,7.2,0.3,11,3.5,3.9,2.9,2.9,0.9,0.8,65.9,3.5,71,750,7,NA,NA,"113:1"
"40",1996,9,18,"2",66,209,6.7,7.1,0.7,12,2.6,2.6,9,4.1,1.6,0.9,83.7,6.8,27,737,81,NA,NA,"64:1"
"41",1996,9,18,"3",1,148,6.6,7,0.5,15,2.6,2.6,11,2.6,2.6,1.6,79.5,8.7,23.7,737,84,NA,NA,"95:1"
"42",1996,9,18,"3",66,233,6.5,7.1,0.4,13,2.6,3.9,3,2,1.9,1.5,51.6,6.4,75.2,756,7,NA,NA,"151:1"
"43",1996,10,16,"1",1,153,6.4,6.6,0.7,13,2.8,2.6,42,3.2,2.1,1.2,84.5,12.3,49.2,841,NA,NA,NA,"100:1"
"44",1996,10,16,"1",66,248,6.4,7.6,0.7,13,3.7,4.5,30,2.2,0.9,1.1,53.3,3.9,75.8,860,NA,NA,NA,"140:1"
"45",1996,10,16,"2",1,153,6.5,6.8,0.8,13,2.8,2.6,38,2.4,1.8,1.2,69.3,3.2,43.4,822,NA,NA,NA,"112:1"
"46",1996,10,16,"2",66,220,6.4,7.5,0.8,11,3.7,4.5,26,1.8,1.6,1,52.5,3.5,74.1,828,NA,NA,NA,"168:1"
"47",1996,10,16,"3",1,153,6.5,6.5,0.7,14,2.8,2.6,35,4.5,1.1,0.9,99.7,3.2,44.3,822,NA,NA,NA,"76:1"
"48",1996,10,16,"3",66,232,6.4,6.9,0.4,12,3.7,3.8,19,1.8,1.4,0.9,60,5.6,75.2,809,NA,NA,NA,"179:1"
"49",1995,3,17,"1",1,205,6.7,6.1,0.3,4,3,4,62,2.4,2.2,0.6,60.4,1.7,62.8,849,23,NA,NA,"122:1"
"50",1995,3,17,"1",66,216,6.3,6,0.3,5,3,4,38,2.5,2.2,0.4,58,1.7,66.8,825,8,NA,NA,"119:1"
"51",1995,3,17,"2",1,225,6.4,6,0.3,4,3,4,26,2.1,2.4,0.3,46.6,1.7,67.3,837,8,NA,NA,"129:1"
"52",1995,3,17,"2",66,209,6.3,6,0.3,4,4,4,26,2.1,2.3,0.5,41.8,1.7,64.8,813,8,NA,NA,"121:1"
"53",1995,3,17,"3",1,216,6.3,7,0.4,5,4,4,42,2.5,2.3,0.4,55.5,1.7,63.3,813,15,NA,NA,"113:1"
"54",1995,3,17,"3",66,210,6.3,5,0.3,4,3,4,41,2.6,2.3,0.3,53.9,1.7,63.8,813,8,NA,NA,"108:1"
"55",1995,4,13,"1",1,NA,NA,NA,NA,NA,NA,NA,NA,3.1,NA,NA,NA,94.2,NA,NA,NA,NA,NA,NA
"56",1995,4,13,"1",66,NA,NA,NA,NA,NA,NA,NA,NA,NA,NA,NA,NA,NA,NA,NA,NA,NA,NA,NA
"57",1995,4,13,"2",1,NA,NA,NA,NA,NA,NA,NA,NA,2.3,NA,NA,NA,45.4,NA,NA,NA,NA,NA,NA
"58",1995,4,13,"2",66,NA,NA,NA,NA,NA,NA,NA,NA,NA,NA,NA,NA,NA,NA,NA,NA,NA,NA,NA
"59",1995,4,13,"3",1,NA,NA,NA,NA,NA,NA,NA,NA,2.8,NA,NA,NA,48.6,NA,NA,NA,NA,NA,NA
"60",1995,4,13,"3",66,NA,NA,NA,NA,NA,NA,NA,NA,NA,NA,NA,NA,NA,NA,NA,NA,NA,NA,NA
"61",1995,5,11,"1",1,185,6.3,5.5,0.4,12,3.9,3.4,13,2.9,2.2,1.7,54.1,1.7,73.8,845,32,NA,NA,"105:1"
"62",1995,5,11,"1",66,219,6.3,6,0.3,15,3.9,3.4,18,2.6,2.1,1,43,1.7,79.6,833,44,NA,NA,"112:1"
"63",1995,5,11,"2",1,207,6.4,6.7,0.5,13,2.9,3.4,30,5.5,1.7,1.2,92.7,1.7,68.8,796,102,NA,NA,"70:1"
"64",1995,5,11,"2",66,215,6.4,6,0.9,13,3.9,4,15,2.6,2.3,1.4,44.6,1.7,78.8,808,20,NA,NA,"113:1"
"65",1995,5,11,"3",1,211,6.4,5,0.6,11,2.9,4,11,2.8,2.5,1.8,42.2,1.7,71.3,796,58,NA,NA,"97:1"
"66",1995,5,11,"3",66,215,6.3,6,0.5,11,3.9,4,11,2.7,1.9,1.9,45.4,1.7,76.2,796,12,NA,NA,"107:1"
"67",1995,6,12,"1",1,NA,NA,NA,NA,NA,NA,NA,NA,5.7,NA,NA,NA,87.9,NA,NA,NA,NA,NA,NA
"68",1995,6,12,"1",66,NA,NA,NA,NA,NA,NA,NA,NA,NA,NA,NA,NA,NA,NA,NA,NA,NA,NA,NA
"69",1995,6,12,"2",1,NA,NA,NA,NA,NA,NA,NA,NA,4.8,NA,NA,NA,78.5,NA,NA,NA,NA,NA,NA
"70",1995,6,12,"2",66,NA,NA,NA,NA,NA,NA,NA,NA,NA,NA,NA,NA,NA,NA,NA,NA,NA,NA,NA
"71",1995,6,12,"3",1,NA,NA,NA,NA,NA,NA,NA,NA,5.6,NA,NA,NA,87.9,NA,NA,NA,NA,NA,NA
"72",1995,6,12,"3",66,NA,NA,NA,NA,NA,NA,NA,NA,NA,NA,NA,NA,NA,NA,NA,NA,NA,NA,NA
"73",1995,7,11,"1",1,151,6.6,7.5,1.8,8,2.7,2.5,30,9.1,3.3,1.2,117.9,1.7,4,537,269,NA,NA,"32:1"
"74",1995,7,11,"1",66,208,6.5,8,0.4,12,2.7,3.7,26,2.4,2.4,1.5,38.3,1.7,77.1,902,12,NA,NA,"115:1"
"75",1995,7,11,"2",1,160,6.7,8.1,1.1,11,2.7,3.1,31,7.8,2.8,1.5,120.2,2.7,4,427,NA,NA,NA,"38:1"
"76",1995,7,11,"2",66,209,6.5,8.8,0.3,11,2.7,3.7,28,11.8,5.4,2.2,49.4,1.7,76.2,850,26,NA,NA,"25:1"
"77",1995,7,11,"3",1,163,6.7,8.4,1.4,8,3.6,2.5,66,7.2,5.2,1.6,110,1.7,4,346,327,NA,NA,"38:1"
"78",1995,7,11,"3",66,211,6.5,8.9,0.4,10,3.6,3.7,19,2.8,2.7,1.2,45.4,7.5,75.4,850,15,NA,NA,"103:1"
"79",1995,8,11,"1",1,NA,NA,NA,NA,NA,NA,NA,NA,9.6,NA,NA,NA,106.9,NA,NA,NA,NA,NA,NA
"80",1995,8,11,"1",66,NA,NA,NA,NA,NA,NA,NA,NA,NA,NA,NA,NA,NA,NA,NA,NA,NA,NA,NA
"81",1995,8,11,"2",1,NA,NA,NA,NA,NA,NA,NA,NA,7.3,NA,NA,NA,87.1,NA,NA,NA,NA,NA,NA
"82",1995,8,11,"2",66,NA,NA,NA,NA,NA,NA,NA,NA,NA,NA,NA,NA,NA,NA,NA,NA,NA,NA,NA
"83",1995,8,11,"3",1,NA,NA,NA,NA,NA,NA,NA,NA,7.7,NA,NA,NA,94.2,NA,NA,NA,NA,NA,NA
"84",1995,8,11,"3",66,NA,NA,NA,NA,NA,NA,NA,NA,NA,NA,NA,NA,NA,NA,NA,NA,NA,NA,NA
"85",1995,9,13,"1",1,114,6.6,6.9,0.7,14,2.9,2.3,29,6.1,3.8,1.7,88.7,7.5,4,244,151,NA,NA,"36:1"
"86",1995,9,13,"1",66,207,6.5,7.5,0.3,10,3.8,4.2,28,8.2,2.5,1.2,77.7,2.7,80.4,856,23,NA,NA,"46:1"
"87",1995,9,13,"2",1,119,6.4,6.5,0.6,13,2.9,3.2,32,5.8,3.5,1.2,84.8,6.3,4,220,110,NA,NA,"37:1"
"88",1995,9,13,"2",66,208,6.5,7,0.3,15,3,5.1,20,12.3,3.4,3.5,45.4,7.5,82.1,796,8,NA,NA,"25:1"
"89",1995,9,13,"3",1,121,6.5,6.9,0.6,12,2.9,2.3,30,6.6,6.5,1.3,94.2,9.8,4,244,125,NA,NA,"35:1"
"90",1995,9,13,"3",66,207,6.4,7.3,0.2,11,2.9,5.1,16,2.3,1.6,1.6,43.8,11,82.9,808,8,NA,NA,"131:1"
"91",1995,10,20,"1",1,NA,NA,NA,NA,NA,NA,NA,NA,5.1,NA,NA,NA,71.4,NA,NA,NA,NA,NA,NA
"92",1995,10,20,"1",66,NA,NA,NA,NA,NA,NA,NA,NA,NA,NA,NA,NA,NA,NA,NA,NA,NA,NA,NA
"93",1995,10,20,"2",1,NA,NA,NA,NA,NA,NA,NA,NA,3.6,NA,NA,NA,83.2,NA,NA,NA,NA,NA,NA
"94",1995,10,20,"2",66,NA,NA,NA,NA,NA,NA,NA,NA,NA,NA,NA,NA,NA,NA,NA,NA,NA,NA,NA
"95",1995,10,20,"3",1,NA,NA,NA,NA,NA,NA,NA,NA,4.2,NA,NA,NA,73.8,NA,NA,NA,NA,NA,NA
"96",1995,10,20,"3",66,NA,NA,NA,NA,NA,NA,NA,NA,NA,NA,NA,NA,NA,NA,NA,NA,NA,NA,NA
"97",1995,11,14,"1",1,170,6.1,0.5,2.6,12,2.6,3.2,25,6.4,2.5,1.4,80.8,1.7,62,794,70,NA,NA,"53:1"
"98",1995,11,14,"1",66,200,6.3,7,2.8,11,3.5,3.2,30,2.6,2.1,1.3,54.1,1.7,79.6,914,8,NA,NA,"123:1"
"99",1995,11,14,"2",1,167,6.3,5.8,0.6,12,2.6,1.8,32,4.8,2.5,1.4,119.4,12.2,59.6,782,47,NA,NA,"89:1"
"100",1995,11,14,"2",66,213,6.3,6.5,1.6,11,2.6,4.6,25,2.7,2.5,1.4,55.6,7.5,82.9,897,8,NA,NA,"122:1"
"101",1995,11,14,"3",1,163,6.5,7.4,0.8,14,2.6,3.2,19,3.4,2.4,1.3,56.4,14.6,58.8,782,32,NA,NA,"81:1"
"102",1995,11,14,"3",66,210,6.2,7,1.5,18,3.5,3.9,22,2.6,6.4,5.6,61.1,8.7,82.3,869,8,NA,NA,"132:1"
"103",1994,3,17,"1",1,183,6.4,5,0.4,10,3,3.5,48,3.2,2.9,0.6,53.4,7.6,80,863,43,NA,NA,"99:1"
"104",1994,3,17,"1",66,214,6.3,6,0.3,11,4,3.4,48,2.9,2.4,1.1,47.9,6.5,83.1,851,8,NA,NA,"108:1"
"105",1994,3,17,"2",1,209,6.4,7,0.2,10,4,3.4,40,2.9,2.2,0.9,48.6,6.5,81,821,12,NA,NA,"107:1"
"106",1994,3,17,"2",66,219,6.4,5,0.2,10,4,3.4,21,3.1,1.6,0.4,58,5.4,83.1,791,39,NA,NA,"109:1"
"107",1994,3,17,"3",1,214,6.3,5,0.3,9,4,3.4,44,7.2,1.2,0.4,64.2,4.3,75.8,797,14,NA,NA,"46:1"
"108",1994,3,17,"3",66,217,6.4,5,0.2,9,4,4.1,21,3.1,1.6,0.4,68.9,6,78.9,809,9,NA,NA,"114:1"
"109",1994,4,16,"1",1,NA,NA,NA,NA,NA,NA,NA,NA,2.9,NA,NA,NA,42.9,NA,NA,NA,NA,NA,NA
"110",1994,4,16,"1",66,NA,NA,NA,NA,NA,NA,NA,NA,NA,NA,NA,NA,NA,NA,NA,NA,NA,NA,NA
"111",1994,4,16,"2",1,NA,NA,NA,NA,NA,NA,NA,NA,4.3,NA,NA,NA,60.6,NA,NA,NA,NA,NA,NA
"112",1994,4,16,"2",66,NA,NA,NA,NA,NA,NA,NA,NA,NA,NA,NA,NA,NA,NA,NA,NA,NA,NA,NA
"113",1994,4,16,"3",1,NA,NA,NA,NA,NA,NA,NA,NA,2.8,NA,NA,NA,45.2,NA,NA,NA,NA,NA,NA
"114",1994,4,16,"3",66,NA,NA,NA,NA,NA,NA,NA,NA,NA,NA,NA,NA,NA,NA,NA,NA,NA,NA,NA
"115",1994,5,17,"1",1,192,6.4,5,0.3,10,3,3.5,27,2.7,1.3,1.5,46.7,1.7,59.4,809,53,NA,NA,"94:1"
"116",1994,5,17,"1",66,208,6.4,5,0.2,10,3,3.5,29,2.4,1.6,1.8,39,1.7,68.5,809,25,NA,NA,"107:1"
"117",1994,5,17,"2",1,196,6.4,6,0.2,10,3,3.5,12,2.6,2.6,2.1,50.6,1.7,60.5,785,98,NA,NA,"102:1"
"118",1994,5,17,"2",66,211,6.5,6,0.1,8,3,3.5,11,2.3,1.6,1.6,42.9,1.7,67.9,773,14,NA,NA,"115:1"
"119",1994,5,17,"3",1,196,6.4,6,0.3,8,3,3.5,24,2.5,1.9,1.6,42.1,1.7,62.2,785,48,NA,NA,"100:1"
"120",1994,5,17,"3",66,211,6.4,6,0.1,9,3,3.5,15,2.3,1.3,1.1,48.3,1.7,67.9,797,8,NA,NA,"121:1"
"121",1994,6,15,"1",1,NA,NA,NA,NA,NA,NA,NA,NA,5.8,NA,NA,NA,76.8,NA,NA,NA,NA,NA,NA
"122",1994,6,15,"1",66,NA,NA,NA,NA,NA,NA,NA,NA,NA,NA,NA,NA,NA,NA,NA,NA,NA,NA,NA
"123",1994,6,15,"2",1,NA,NA,NA,NA,NA,NA,NA,NA,6.5,NA,NA,NA,87.7,NA,NA,NA,NA,NA,NA
"124",1994,6,15,"2",66,NA,NA,NA,NA,NA,NA,NA,NA,NA,NA,NA,NA,NA,NA,NA,NA,NA,NA,NA
"125",1994,6,15,"3",1,NA,NA,NA,NA,NA,NA,NA,NA,5.5,NA,NA,NA,77.7,NA,NA,NA,NA,NA,NA
"126",1994,6,15,"3",66,NA,NA,NA,NA,NA,NA,NA,NA,NA,NA,NA,NA,NA,NA,NA,NA,NA,NA,NA
"127",1994,7,16,"1",1,163,7.2,6,1.1,6,2.9,3.4,54,10.3,2.6,1.9,118.5,1.7,71.2,142,470,NA,NA,"44:1"
"128",1994,7,16,"1",66,237,6.5,5,0.3,9,3.9,3.4,56,3.7,1.6,1.2,42.1,2.3,4,756,17,NA,NA,"30:1"
"129",1994,7,16,"2",1,164,7.2,6,1.2,8,3.9,4,55,7.5,1.7,1.5,113.9,1.7,70.7,122,442,NA,NA,"59:1"
"130",1994,7,16,"2",66,232,6.5,6,0.3,11,3.9,3.4,58,2.2,1.2,1.1,33.6,1.7,4,743,8,NA,NA,"41:1"
"131",1994,7,16,"3",1,164,7.3,6,1.2,6,3.9,4,51,8.5,1.2,1,115.5,4.7,74.7,128,458,NA,NA,"53:1"
"132",1994,7,16,"3",66,234,6.5,6,0.3,10,3.9,4,56,2.2,1.2,1.2,36,2.3,10.2,756,8,NA,NA,"50:1"
"133",1994,8,15,"1",1,NA,NA,NA,NA,NA,NA,NA,NA,6.2,NA,NA,NA,84.5,NA,NA,NA,NA,NA,NA
"134",1994,8,15,"1",66,NA,NA,NA,NA,NA,NA,NA,NA,NA,NA,NA,NA,NA,NA,NA,NA,NA,NA,NA
"135",1994,8,15,"2",1,NA,NA,NA,NA,NA,NA,NA,NA,7.5,NA,NA,NA,93.9,NA,NA,NA,NA,NA,NA
"136",1994,8,15,"2",66,NA,NA,NA,NA,NA,NA,NA,NA,NA,NA,NA,NA,NA,NA,NA,NA,NA,NA,NA
"137",1994,8,15,"3",1,NA,NA,NA,NA,NA,NA,NA,NA,5.2,NA,NA,NA,76.1,NA,NA,NA,NA,NA,NA
"138",1994,8,15,"3",66,NA,NA,NA,NA,NA,NA,NA,NA,NA,NA,NA,NA,NA,NA,NA,NA,NA,NA,NA
"139",1994,9,16,"1",1,137,6.4,6,0.9,9,3,2.7,29,10.9,2.8,1.9,105.4,4.7,74.7,256,339,NA,NA,"39:1"
"140",1994,9,16,"1",66,252,6.4,6,0.3,11,4,4.1,17,3.1,1.4,1.3,43.6,2.3,76.4,848,17,NA,NA,"92:1"
"141",1994,9,16,"2",1,146,6.4,6,0.6,10,3,2.7,26,5.6,1.4,1.2,84.6,2.3,76.9,250,134,NA,NA,"69:1"
"142",1994,9,16,"2",66,249,6.4,6,0.2,9,4,4.1,11,2.3,1.9,1.7,37.5,1.7,76.4,814,8,NA,NA,"118:1"
"143",1994,9,16,"3",1,154,6.5,6,0.4,8,4,2.7,11,5.4,1.7,1.5,85.3,4.7,76.9,387,89,NA,NA,"72:1"
"144",1994,9,16,"3",66,229,6.4,6,0.2,9,4,4.1,16,2.6,1.4,1.2,40.6,4.7,52.6,831,8,NA,NA,"85:1"
"145",1994,10,13,"1",1,NA,NA,NA,NA,NA,NA,NA,NA,7.4,NA,NA,NA,68.3,NA,NA,NA,NA,NA,NA
"146",1994,10,13,"1",66,NA,NA,NA,NA,NA,NA,NA,NA,NA,NA,NA,NA,NA,NA,NA,NA,NA,NA,NA
"147",1994,10,13,"2",1,NA,NA,NA,NA,NA,NA,NA,NA,7.8,NA,NA,NA,85.3,NA,NA,NA,NA,NA,NA
"148",1994,10,13,"2",66,NA,NA,NA,NA,NA,NA,NA,NA,NA,NA,NA,NA,NA,NA,NA,NA,NA,NA,NA
"149",1994,10,13,"3",1,NA,NA,NA,NA,NA,NA,NA,NA,7.3,NA,NA,NA,86.1,NA,NA,NA,NA,NA,NA
"150",1994,10,13,"3",66,NA,NA,NA,NA,NA,NA,NA,NA,NA,NA,NA,NA,NA,NA,NA,NA,NA,NA,NA
"151",1994,11,14,"1",1,145,6.8,6,1,17,2.9,2.7,28,4.6,5.9,5,63,9.4,81.5,751,NA,NA,NA,"75:1"
"152",1994,11,14,"1",66,272,6.6,7,0.3,8,3.8,4.8,11,5.1,1.6,1.5,56.8,4.7,52.1,886,NA,NA,NA,"51:1"
"153",1994,11,14,"2",1,154,6.7,6,0.6,11,2.9,2.7,28,3.9,2,1.6,66.8,4.7,77.5,720,NA,NA,NA,"88:1"
"154",1994,11,14,"2",66,NA,NA,NA,NA,11,NA,NA,NA,3.5,2.6,1.9,47.5,7,53.8,NA,NA,NA,NA,"69:1"
"155",1994,11,14,"3",1,156,6.7,6,0.7,11,2.9,2.7,32,3.8,1.5,1.4,55.2,7,75.2,714,NA,NA,NA,"82:1"
"156",1994,11,14,"3",66,230,6.6,6,0.5,9,3.8,4.8,11,2.9,1.3,1.4,42.9,7,4,825,NA,NA,NA,"39:1"
"157",1993,3,18,"1",1,206,6.2,6,0.3,11,4,3.2,23,2.7,2,1.4,52.2,5,66.8,827,NA,NA,NA,"105:1"
"158",1993,3,18,"1",66,221,6.2,6,1,13,5.1,4.1,96,2.4,1.2,0.8,45.7,1.7,70.6,803,NA,NA,NA,"116:1"
"159",1993,3,18,"2",1,207,6.2,6,0.2,12,5.1,4.1,83,2.5,1.9,1.4,48.6,1.7,67.6,779,NA,NA,NA,"111:1"
"160",1993,3,18,"2",66,218,6.4,6,0.2,15,5.1,3.4,89,2.9,4,1.5,44.9,1.7,67.6,779,NA,NA,NA,"93:1"
"161",1993,3,18,"3",1,207,6.4,6,0.3,10,5.1,4.1,102,2.5,1.7,1.3,49.3,1.7,67.6,803,NA,NA,NA,"112:1"
"162",1993,3,18,"3",66,201,6.3,6,1,11,5.1,3.4,53,2.5,1.6,1.3,52.2,1.7,67.6,791,NA,NA,NA,"114:1"
"163",1993,5,17,"1",1,181,6.5,6,0.4,6,2.8,4.3,22,3.7,2.3,1.2,49.2,4.1,68.8,684,NA,NA,NA,"76:1"
"164",1993,5,17,"1",66,226,6.5,6,0.2,6,2.8,4.3,22,2.4,4.6,3,31.6,7.2,85.3,672,NA,NA,NA,"116:1"
"165",1993,5,17,"2",1,206,6.5,6,0.3,5,3.7,4.3,18,3.4,3,1.6,51.5,3.1,72.3,649,NA,NA,NA,"87:1"
"166",1993,5,17,"2",66,227,6.5,6,0.2,5,3.7,4.3,20,2.4,4.5,1.5,36.9,4.1,80.8,661,NA,NA,NA,"116:1"
"167",1993,5,17,"3",1,211,6.6,6,0.3,6,2.8,4.3,12,2.3,3.2,1.6,40,2.1,76.8,649,NA,NA,NA,"121:1"
"168",1993,5,17,"3",66,223,6.5,6,0.2,8,2.8,4.3,24,3.7,1.8,0.7,44.6,5.2,87.3,649,NA,NA,NA,"85:1"
"169",1993,6,15,"1",1,NA,NA,NA,NA,NA,NA,NA,NA,5.7,NA,NA,NA,82.3,NA,NA,NA,NA,NA,NA
"170",1993,6,15,"1",66,NA,NA,NA,NA,NA,NA,NA,NA,NA,NA,NA,NA,NA,NA,NA,NA,NA,NA,NA
"171",1993,6,15,"2",1,NA,NA,NA,NA,NA,NA,NA,NA,7.9,NA,NA,NA,95.3,NA,NA,NA,NA,NA,NA
"172",1993,6,15,"2",66,NA,NA,NA,NA,NA,NA,NA,NA,NA,NA,NA,NA,NA,NA,NA,NA,NA,NA,NA
"173",1993,6,15,"3",1,NA,NA,NA,NA,NA,NA,NA,NA,6.9,NA,NA,NA,86.9,NA,NA,NA,NA,NA,NA
"174",1993,6,15,"3",66,NA,NA,NA,NA,NA,NA,NA,NA,NA,NA,NA,NA,NA,NA,NA,NA,NA,NA,NA
"175",1993,7,16,"1",1,161,6.7,3,2.4,3,2.9,3.3,11,12.5,4.3,1.9,129.2,1.7,4,140,NA,NA,NA,"25:1"
"176",1993,7,16,"1",66,262,6.5,5,1.7,9,3.9,5,16,3.4,2.7,1.8,39.7,1.7,87.2,840,NA,NA,NA,"89:1"
"177",1993,7,16,"2",1,186,6.4,7,1.1,4,3.9,3.3,11,13.1,3.2,0.9,111.5,2.1,4,102,NA,NA,NA,"21:1"
"178",1993,7,16,"2",66,235,6.4,6,0.3,8,2.9,5,11,3.9,2.4,1.3,58.5,2.6,88.8,865,NA,NA,NA,"90:1"
"179",1993,7,16,"3",1,171,6.6,7,1.8,12,2.9,3.3,11,8.1,7.4,4.5,93,1.7,4,225,NA,NA,NA,"29:1"
"180",1993,7,16,"3",66,211,6.4,6,0.6,8,2.9,5,22,3.5,3.4,1.1,47.7,1.7,85.8,764,NA,NA,NA,"91:1"
"181",1993,8,17,"1",1,NA,NA,NA,NA,NA,NA,NA,NA,13.2,NA,NA,NA,133.8,NA,NA,NA,NA,NA,NA
"182",1993,8,17,"1",66,NA,NA,NA,NA,NA,NA,NA,NA,NA,NA,NA,NA,NA,NA,NA,NA,NA,NA,NA
"183",1993,8,17,"2",1,NA,NA,NA,NA,NA,NA,NA,NA,7.7,NA,NA,NA,89.2,NA,NA,NA,NA,NA,NA
"184",1993,8,17,"2",66,NA,NA,NA,NA,NA,NA,NA,NA,NA,NA,NA,NA,NA,NA,NA,NA,NA,NA,NA
"185",1993,8,17,"3",1,NA,NA,NA,NA,NA,NA,NA,NA,9.5,NA,NA,NA,116.2,NA,NA,NA,NA,NA,NA
"186",1993,8,17,"3",66,NA,NA,NA,NA,NA,NA,NA,NA,NA,NA,NA,NA,NA,NA,NA,NA,NA,NA,NA
"187",1993,9,16,"1",1,146,6.7,6,0.7,5,3,3.1,11,11.8,6,1.2,130.8,2.6,4,193,NA,NA,NA,"27:1"
"188",1993,9,16,"1",66,225,6.4,6,0.2,6,4,4.7,19,3.4,4.3,1.2,55.4,3.6,89.8,812,NA,NA,NA,"102:1"
"189",1993,9,16,"2",1,148,6.6,6,0.4,5,3,3.1,11,13.4,4,0.8,132.2,3.1,4,250,NA,NA,NA,"24:1"
"190",1993,9,16,"2",66,224,6.5,6,0.4,5,3,4.7,22,4.8,1.4,0.7,60,2.1,89.8,806,NA,NA,NA,"74:1"
"191",1993,9,16,"3",1,149,6.5,6,0.4,10,3,3.1,11,8.7,6.9,2.9,100,1.7,4,238,NA,NA,NA,"29:1"
"192",1993,9,16,"3",66,225,6.4,6,0.2,9,4,4.7,15,2.9,2.6,1.4,60.8,1.7,90.8,754,NA,NA,NA,"125:1"
"193",1993,10,12,"1",1,NA,NA,NA,NA,NA,NA,NA,NA,7.5,NA,NA,NA,107.1,NA,NA,NA,NA,NA,NA
"194",1993,10,12,"1",66,NA,NA,NA,NA,NA,NA,NA,NA,NA,NA,NA,NA,NA,NA,NA,NA,NA,NA,NA
"195",1993,10,12,"2",1,NA,NA,NA,NA,NA,NA,NA,NA,5.1,NA,NA,NA,103.3,NA,NA,NA,NA,NA,NA
"196",1993,10,12,"2",66,NA,NA,NA,NA,NA,NA,NA,NA,NA,NA,NA,NA,NA,NA,NA,NA,NA,NA,NA
"197",1993,10,12,"3",1,NA,NA,NA,NA,NA,NA,NA,NA,5.3,NA,NA,NA,87.4,NA,NA,NA,NA,NA,NA
"198",1993,10,12,"3",66,NA,NA,NA,NA,NA,NA,NA,NA,NA,NA,NA,NA,NA,NA,NA,NA,NA,NA,NA
"199",1993,11,19,"1",1,145,6.4,6,1.6,10,3,2.9,62,5.8,3.5,2.1,87.5,6.5,42.9,677,NA,NA,NA,"54:1"
"200",1993,11,19,"1",66,131,6.4,4,7.1,10,3,2.9,440,9.9,2.8,1.4,75.4,8.7,42.8,663,NA,NA,NA,"29:1"
"201",1993,11,19,"2",1,154,6.4,5,1.1,11,3,2.9,53,4,3.8,2.1,83,6.5,44.9,663,NA,NA,NA,"76:1"
"202",1993,11,19,"2",66,240,6.4,5,1.1,9,4,4.3,41,6,51.4,50.1,65.5,2.2,72.5,771,NA,NA,NA,"55:1"
"203",1993,11,19,"3",1,NA,NA,NA,NA,NA,NA,NA,NA,NA,NA,NA,NA,NA,NA,NA,NA,NA,NA,NA
"204",1993,11,19,"3",66,NA,NA,NA,NA,NA,NA,NA,NA,NA,NA,NA,NA,NA,NA,NA,NA,NA,NA,NA
"205",1992,3,17,"1",1,181,6.6,4,0.4,9,4,3.1,17,3.7,1.4,0.9,39.2,3.9,66.5,806,NA,NA,NA,"68:1"
"206",1992,3,17,"1",66,213,6.6,4,0.6,11,4.9,3.1,14,3.7,5.2,1.7,43.4,1.7,73,800,NA,NA,NA,"75:1"
"207",1992,3,17,"2",1,190,6.3,4,0.5,9,3,3.9,13,3.7,1.4,0.6,42.4,1.7,68.7,778,NA,NA,NA,"72:1"
"208",1992,3,17,"2",66,217,6.4,7,0.8,10,3,4.8,16,3.3,3.3,1.4,47.5,1.7,70.1,789,NA,NA,NA,"85:1"
"209",1992,3,17,"3",1,204,6.4,5,1,10,4,3.9,30,3.3,1.8,0.8,44.4,NA,69.4,778,NA,NA,NA,"82:1"
"210",1992,3,17,"3",66,216,6.5,5,0.6,10,4,3.9,11,2.6,1.8,0.9,47.5,1.9,70.1,772,NA,NA,NA,"108:1"
"211",1992,4,14,"1",1,177,6.6,6,3,10,2.9,5.2,12,2.8,1.8,1,47.3,1.7,61.6,789,NA,NA,NA,"93:1"
"212",1992,4,14,"1",66,186,6.5,6,3,11,3.8,4.3,18,2.9,2.5,1.3,42.2,1.7,68.4,789,NA,NA,NA,"91:1"
"213",1992,4,14,"2",1,177,6.6,6,2,10,3.8,3.4,12,2.9,2,1,51.4,1.7,58.6,NA,NA,NA,NA,"91:1"
"214",1992,4,14,"2",66,186,6.5,6,3,12,3.8,4.3,11,2.5,3.2,1.9,42.2,2,66.4,778,NA,NA,NA,"104:1"
"215",1992,4,14,"3",1,180,6.6,6,3,14,4,3.1,11,5.5,2,1.5,73.9,2,62.5,767,NA,NA,NA,"59:1"
"216",1992,4,14,"3",66,184,6.5,6,3,12,4,3.9,12,2.7,0.9,0.7,50.4,2,64.5,767,NA,NA,NA,"102:1"
"217",1992,5,11,"1",1,141,6.4,5,0.8,11,4,2.4,48,3.1,2.6,1.4,55.5,2,58.6,857,NA,NA,NA,"88:1"
"218",1992,5,11,"1",66,204,6.4,5,0.8,12,4,5,13,4.2,4,1.7,43.8,2,68.4,798,NA,NA,NA,"64:1"
"219",1992,5,11,"2",1,187,6.4,5,0.8,14,3,4.1,17,3.2,2.7,2.4,52.6,2,61.1,786,NA,NA,NA,"85:1"
"220",1992,5,11,"2",66,214,6.6,5.5,0.9,11,4,5,11,2.6,2.1,1.5,43.8,6.1,65.5,804,NA,NA,NA,"100:1"
"221",1992,5,11,"3",1,187,6.5,5,0.9,11,3,4.1,17,2.9,2.7,1.1,57,3,62.5,786,NA,NA,NA,"98:1"
"222",1992,5,11,"3",66,212,6.5,5,0.4,10,4,5,11,2.2,1.3,0.7,40.9,3,68.4,804,NA,NA,NA,"118:1"
"223",1992,6,17,"1",1,157,6.7,5.5,0.6,10,7.8,0.8,28,8.4,2.8,1.4,114,2,21.9,612,NA,NA,NA,"39:1"
"224",1992,6,17,"1",66,215,6.5,5.5,0.3,12,3.7,4.7,21,2.2,1.9,1.7,40.9,1.7,70.4,772,NA,NA,NA,"121:1"
"225",1992,6,17,"2",1,168,6.7,5.5,0.7,10,2.8,3.4,24,4.9,1.6,0.6,84.7,1.7,26.9,629,NA,NA,NA,"54:1"
"226",1992,6,17,"2",66,206,6.6,5.5,0.3,11,3.7,3.4,28,2.2,7.8,3.6,45.2,6.1,67.4,750,NA,NA,NA,"122:1"
"227",1992,6,17,"3",1,167,6.6,5.5,0.5,11,6.8,0.8,24,4.4,2.6,2.2,77.5,2,31.3,640,NA,NA,NA,"59:1"
"228",1992,6,17,"3",66,228,6.4,5.5,0.3,14,3.7,4,24,2.2,2.4,2.4,38,2,72.3,766,NA,NA,NA,"120:1"
"229",1992,7,14,"1",1,133,6.7,5,0.6,10,2.6,2.1,17,4,3.7,1.6,90.6,4,5.9,567,NA,NA,NA,"58:1"
"230",1992,7,14,"1",66,226,6.5,5,0.2,14,2.6,2.1,18,1.6,2.4,2.1,36.6,2.5,72.3,790,NA,NA,NA,"162:1"
"231",1992,7,14,"2",1,138,6.4,4,0.4,12,3.5,2.1,18,2.7,2.4,1.5,74.5,2,6.4,568,NA,NA,NA,"72:1"
"232",1992,7,14,"2",66,214,6.5,4.5,0.2,10,3.5,2.9,17,1.6,1.9,1,38,2,70.4,768,NA,NA,NA,"162:1"
"233",1992,7,14,"3",1,146,6.5,4,0.4,10,3.5,2.9,17,3.3,2.4,1.6,76,4,13.2,584,NA,NA,NA,"65:1"
"234",1992,7,14,"3",66,231,6.5,5,0.2,11,3.5,2.9,17,1.6,3.9,1.5,32.1,2,73.3,768,NA,NA,NA,"157:1"
"235",1992,9,19,"1",1,11,6.5,5,0.7,12,3.7,2.1,29,4.2,2.9,1.3,74.5,6.1,13.7,440,NA,NA,NA,"50:1"
"236",1992,9,19,"1",66,235,6.4,5,0.5,14,3.7,4.8,26,1.7,4.7,2.7,35.1,9.1,78.2,859,NA,NA,NA,"159:1"
"237",1992,9,19,"2",1,117,6.3,4.5,0.7,12,2.7,2.1,36,3.6,3.1,1.6,74.5,8.1,10.8,556,NA,NA,NA,"57:1"
"238",1992,9,19,"2",66,344,6.6,5.5,0.5,10,5,5.2,20,1.9,1.8,1,36.6,6.1,75.2,783,NA,NA,NA,"140:1"
"239",1992,9,19,"3",1,117,6.5,5,0.8,12,2.7,2.8,30,3.9,3.2,1.1,70.1,8.1,12.7,440,NA,NA,NA,"51:1"
"240",1992,9,19,"3",66,204,6.5,5.5,0.6,12,3.7,3.5,18,2.3,2.5,1.5,30.7,6.1,69.4,760,NA,NA,NA,"104:1"
"241",1992,11,11,"1",1,164,6.3,5,0.9,19,5,2.1,44,2,4.2,4,42.4,8.1,50.8,666,NA,NA,NA,"111:1"
"242",1992,11,11,"1",66,156,6.3,5,0.7,17,4,2.8,38,2.5,2.8,2.8,40.9,8.1,56.7,714,NA,NA,NA,"93:1"
"243",1992,11,11,"2",1,165,6.3,5,0.6,11,5,2.1,35,2.5,4.6,1.1,43.8,6.1,50.8,642,NA,NA,NA,"90:1"
"244",1992,11,11,"2",66,245,6.3,5.5,0.6,10,4,4.2,41,1.6,1.6,0.7,63.5,4,74.3,750,NA,NA,NA,"205:1"
"245",1992,11,11,"3",1,175,6.4,5,0.8,12,5,2.8,70,2.1,4.6,1.9,64.9,9.1,54.7,690,NA,NA,NA,"136:1"
"246",1992,11,11,"3",66,218,6.3,5,1,10,4,3.5,70,2.4,2.4,1,49.7,5,68.4,774,NA,NA,NA,"117:1"
"247",1991,3,28,"1",1,201,6.7,7.5,0.3,11,3.7,4.3,31,NA,4.3,2.7,NA,1,72.6,872,52,NA,NA,NA
"248",1991,3,28,"1",66,208,6.4,6,0.3,11,3.7,3.6,36,NA,3.6,2.1,NA,1,74.9,852,96,NA,NA,NA
"249",1991,3,28,"2",1,NA,NA,NA,NA,NA,NA,NA,NA,NA,NA,NA,NA,NA,NA,NA,NA,NA,NA,NA
"250",1991,3,28,"2",66,NA,NA,NA,NA,NA,NA,NA,NA,NA,NA,NA,NA,NA,NA,NA,NA,NA,NA,NA
"251",1991,3,28,"3",1,206,6.5,6,0.5,9,3.7,4.3,31,NA,3.9,2.5,NA,1,69,832,145,NA,NA,NA
"252",1991,3,28,"3",66,NA,NA,NA,NA,NA,NA,NA,NA,NA,NA,NA,NA,NA,NA,NA,NA,NA,NA,NA
"253",1991,4,18,"1",1,208,6.8,7,0.4,11,3.7,4.3,36,3.2,3.9,1.9,54.1,7,79.1,822,87,NA,NA,"99:1"
"254",1991,4,18,"1",66,222,6.7,7,0.3,11,3.7,4.3,28,2.6,2.1,0.7,68.5,5,71.1,832,57,NA,NA,"128:1"
"255",1991,4,18,"3",1,170,6.7,7,0.6,14,3.7,4.3,46,2.6,10.1,2.8,32.2,7,68.1,872,55,NA,NA,"92:1"
"256",1991,4,18,"3",66,211,6.8,7,0.3,15,3.7,4.3,32,2.9,9.7,2.7,78.5,5.5,69.1,832,44,NA,NA,"121:1"
"257",1991,5,21,"1",1,185,6.6,7,0.5,12,3,3.7,17,3.7,2.3,0.6,89.7,7,61.6,840,208,NA,NA,"98:1"
"258",1991,5,21,"1",66,224,6.3,5,0.7,12,3,3.7,31,5,4.9,0.8,54.1,6,70.6,846,60,NA,NA,"60:1"
"259",1991,5,21,"2",1,202,6.8,7,0.5,12,3,3.7,20,3.6,2.3,0.5,87.5,2.1,60,789,145,NA,NA,"98:1"
"260",1991,5,21,"2",66,212,6.6,6.5,0.5,11,3,3.7,18,3,3,0.8,23.2,2.1,68.6,823,57,NA,NA,"73:1"
"261",1991,5,21,"3",1,207,6.7,7,0.5,10,3,3.7,21,2.2,1.6,0.6,94.1,1.1,63.1,812,96,NA,NA,"170:1"
"262",1991,5,21,"3",66,215,6.4,5,0.5,18,3,3.7,6,2,1.7,0.4,67.4,2.1,69.1,812,145,NA,NA,"163:1"
"263",1991,6,18,"1",1,119,6.6,5,0.5,13,2.8,2.4,14,5.5,2.9,1.5,59.8,10.9,44.5,504,304,NA,NA,"45:1"
"264",1991,6,18,"1",66,115,6.5,4,0.3,12,2.8,2.4,14,2.9,1.7,0.5,21,4.1,71.6,419,33,NA,NA,"76:1"
"265",1991,6,18,"2",1,81,6.5,3.5,0.4,13,1.8,2.4,14,5.4,2.7,1.4,51.3,9.9,52.5,419,197,NA,NA,"46:1"
"266",1991,6,18,"2",66,129,6.5,4,0.4,19,1.8,2.4,14,2.9,1.8,0.7,21.8,5,72.1,461,71,NA,NA,"77:1"
"267",1991,6,18,"3",1,127,6.7,4.5,0.4,14,2.8,2.4,10,5.2,2.8,1.8,47.4,5.5,40.5,503,167,NA,NA,"40:1"
"268",1991,6,18,"3",66,142,6.6,4.5,0.3,12,2.8,3.2,4,3.3,1.7,0.4,21.8,3.6,68.1,455,71,NA,NA,"65:1"
"269",1991,6,26,"1",1,147,7,6.5,0.7,NA,2.9,3.7,3,NA,NA,NA,NA,NA,NA,663,NA,NA,NA,NA
"270",1991,6,26,"1",66,215,6.7,7,0.5,NA,4.9,3.7,3,NA,NA,NA,NA,NA,NA,832,NA,NA,NA,NA
"271",1991,6,26,"2",1,157,7,7,0.6,NA,3.9,3.7,5,NA,NA,NA,NA,NA,NA,675,NA,NA,NA,NA
"272",1991,6,26,"2",66,211,6.6,7,0.4,NA,3.9,3.7,7,NA,NA,NA,NA,NA,NA,815,NA,NA,NA,NA
"273",1991,7,1,"3",1,164,6.9,7,0.5,NA,3.9,3.7,3,NA,NA,NA,NA,NA,NA,686,NA,NA,NA,NA
"274",1991,7,1,"3",66,159,6.4,5,0.6,NA,3.9,4.2,12,NA,NA,NA,NA,NA,NA,797,NA,NA,NA,NA
"275",1991,7,15,"1",1,144,6.8,11,0.8,15,2.9,2.8,20,8.2,4.6,1.4,90.9,4.5,1,267,359,NA,NA,"27:1"
"276",1991,7,15,"1",66,150,6,8,0.4,13,3.9,4.2,10,4.8,2.1,0.8,28.8,4.1,69.1,786,52,NA,NA,"49:1"
"277",1991,7,15,"2",1,109,6.5,5,0.3,11,2.9,2.8,10,6.7,3.4,1.2,75.3,8,1,323,381,NA,NA,"27:1"
"278",1991,7,15,"2",66,156,6.3,7,0.9,19,3.9,4.2,42,6.7,6.7,0.5,24.9,4.1,70.1,780,76,NA,NA,"34:1"
"279",1991,7,15,"3",1,103,6.5,8,0.7,11,2.9,2.8,18,4.8,11.5,1.2,70.4,5,7.3,334,348,NA,NA,"39:1"
"280",1991,7,15,"3",66,148,6.2,5,0.5,19,2.9,4.2,10,2.6,2.4,0.6,35.8,4.1,70.6,740,112,NA,NA,"98:1"
"281",1991,8,16,"1",1,128,6.8,13,1.2,11,2.9,2.1,14,11.9,6.7,2.3,79.9,5.5,5.3,102,353,NA,NA,"17:1"
"282",1991,8,16,"1",66,221,6.2,7,0.4,9,2.9,4.2,5,3.8,6.7,1,36.2,6,73.1,722,63,NA,NA,"69:1"
"283",1991,8,16,"2",1,134,6.7,6,0.6,9,2.9,2.8,8,8.7,3,0.9,67.4,5,1,96,255,NA,NA,"19:1"
"284",1991,8,16,"2",66,220,6.5,6,0.6,11,2.9,4.2,8,2.9,3.3,1.5,39.3,4.1,69.1,804,35,NA,NA,"89:1"
"285",1991,8,16,"3",1,139,6.7,5,1,9,2.9,2.8,12,11.2,3.2,1.2,86.2,3.11,1,26,298,NA,NA,"19:1"
"286",1991,8,16,"3",66,220,6.5,7,0.6,9,2.9,3.5,5,3.5,1.4,0.5,44.5,1.1,71.1,810,63,NA,NA,"79:1"
"287",1991,9,16,"1",1,102,6.7,5,1,12,2.9,1.8,14,9.4,3.3,1.1,109.1,6,6.8,264,183,NA,NA,"29:1"
"288",1991,9,16,"1",66,217,6.7,6,0.5,12,2.9,5.5,10,3.4,1.9,0.8,83,2.1,72.6,882,60,NA,NA,"109:1"
"289",1991,9,16,"2",1,110,6.7,5,0.7,15,2.9,1.8,14,5.5,2.2,0.5,73.7,3.1,5.3,344,161,NA,NA,"34:1"
"290",1991,9,16,"2",66,207,6.4,4,1.4,10,2.9,5.5,6,2.5,1.8,0.5,47.6,2.6,71.1,836,60,NA,NA,"113:1"
"291",1991,9,16,"3",1,110,6.8,6,1.9,14,2.9,1.8,10,7,3.7,0.9,82,22.7,6.8,286,126,NA,NA,"30:1"
"292",1991,9,16,"3",66,211,6.7,5,1,10,2.9,5.5,6,2.5,1.5,0.4,54.9,2.6,71.1,814,76,NA,NA,"120:1"
"293",1991,10,17,"1",1,107,6.2,5,1.3,14,2.9,2.2,48,6.1,4.4,1.2,79.9,9.3,39.5,602,87,NA,NA,"47:1"
"294",1991,10,17,"1",66,220,6.5,6.5,1.4,10,3.9,3.6,23,3.9,2.5,0.8,51.8,3.1,72.6,874,49,NA,NA,"76:1"
"295",1991,10,17,"2",1,123,6.6,6,1.6,21,2.9,2.2,28,4.7,3.8,2.5,58,8,39.5,613,76,NA,NA,"50:1"
"296",1991,10,17,"2",66,223,6.6,7,1.2,17,2.9,5,30,2.9,2,0.7,47.2,3.6,73.6,852,46,NA,NA,"99:1"
"297",1991,10,17,"3",1,128,6.5,6,1.6,13,2.9,2.2,10,5.6,2.9,1,74.7,20.5,40.5,556,96,NA,NA,"49:1"
"298",1991,10,17,"3",66,225,6.6,7,1.4,18,3.9,3.6,12,3.2,1.9,0.6,50.8,3.6,74.1,840,55,NA,NA,"93:1"
"299",1991,11,12,"1",1,179,6.5,6.5,0.3,10,2.8,3.8,16,3.9,2.8,1.7,60.1,3.7,59.6,816,65,NA,NA,"73:1"
"300",1991,11,12,"1",66,130,6.5,6,0.4,9,2.8,3,27,3.2,2.8,1.9,66.3,6.3,67.9,710,63,NA,NA,"100:1"
"301",1991,11,12,"2",1,138,6.7,6,0.4,15,2.8,2.3,33,4.1,2.5,1.2,59.1,7.3,56.1,665,76,NA,NA,"67:1"
"302",1991,11,12,"2",66,224,6.3,6,0.4,14,3.8,4.6,74,2.9,4.3,1.6,53.9,2.2,80.8,848,55,NA,NA,"111:1"
"303",1991,11,12,"3",1,152,4.5,NA,0.6,19,2.8,2.3,33,3.8,6.7,0.5,69.5,7.8,53.8,660,76,NA,NA,"77:1"
"304",1991,11,12,"3",66,236,6.6,7,0.4,13,3.8,4.6,18,3.2,2,1.5,77.9,1.6,80.8,821,101,NA,NA,"118:1"
"305",1990,4,19,"1",1,195,6.8,6,0.4,9,3.1,3.7,12,1.2,0.8,0.8,51.8,5.4,62.2,900,24,NA,NA,"227:1"
"306",1990,4,19,"1",66,218,6.8,6,1.2,11,3.1,4.4,10,1.7,1.3,0.8,62,10.6,61.2,888,30,NA,NA,"173:1"
"307",1990,4,19,"2",1,NA,NA,NA,NA,NA,NA,NA,NA,NA,NA,NA,NA,NA,NA,NA,NA,NA,NA,NA
"308",1990,4,19,"2",66,NA,NA,NA,NA,NA,NA,NA,NA,NA,NA,NA,NA,NA,NA,NA,NA,NA,NA,NA
"309",1990,4,19,"3",1,207,6.8,6,1,11,3.1,3.7,3,1.6,1.3,0.6,51.8,9.1,68.2,864,24,NA,NA,"179:1"
"310",1990,4,19,"3",66,207,7,6,1,10,3.1,4.4,10,1,1.1,0.4,53.6,7.7,66.2,876,33,NA,NA,"286:1"
"311",1990,5,25,"1",1,171,6.8,10,0.3,9,3.7,3.4,23,3.5,1.1,0.6,64,7.7,48.3,822,79,NA,NA,"77:1"
"312",1990,5,25,"1",66,225,6.5,5,0.4,9,2.8,3.9,28,0.8,1,0.6,46.5,7.2,69.7,851,108,NA,NA,"346:1"
"313",1990,5,25,"3",1,195,6.8,8.5,0.3,9,3.7,2.8,25,1.5,0.6,0.5,63.4,5.8,49.3,828,24,NA,NA,"168:1"
"314",1990,5,25,"3",66,221,6.8,7,0.3,10,2.8,4.4,22,1.3,1.2,0.5,52.3,6.3,59.2,828,183,NA,NA,"436:1"
"315",1990,6,1,"2",1,185,6.8,5.5,0.6,10,3.7,3.4,27,1.6,1.4,0.6,69.2,6,43.3,822,NA,NA,NA,"179:1"
"316",1990,6,1,"2",66,226,6.7,8,0.9,10,3.7,3.4,59,0.7,1.2,0.6,56.9,6.3,71.2,851,NA,NA,NA,"205:1"
"317",1990,6,30,"1",1,152,6.6,5.5,0.3,9,3,2.9,16,8.2,2.6,0.8,120.3,7.5,37.3,874,24,NA,NA,"46:1"
"318",1990,6,30,"1",66,219,6.6,6,0.2,13,4,4.4,21,1.5,1.4,0.8,52.4,6.5,71.2,961,93,NA,NA,"197:1"
"319",1990,6,30,"2",1,159,6.7,6,0.4,9,3,2.9,20,2.7,1,0.6,82.8,5.8,26.9,862,119,NA,NA,"97:1"
"320",1990,6,30,"2",66,220,6.6,6,0.4,13,4,4.4,16,1.2,1.3,0.9,61.5,5.8,71.2,949,24,NA,NA,"264:1"
"321",1990,6,30,"3",1,161,6.7,6.5,0.3,12,3,2.9,21,1.7,1.3,1.2,915.9,5.8,29.3,914,108,NA,NA,"1326:1"
"322",1990,6,30,"3",66,218,6.7,6.5,0.2,10,4,4.4,26,3,2.8,3.4,54.8,NA,57.1,961,24,NA,NA,"89:1"
"323",1990,7,26,"1",1,137,6.7,6.5,1.4,11,3,2.9,16,11.2,2.6,1.8,119,5.8,1.5,37,371,NA,NA,"26:1"
"324",1990,7,26,"1",66,220,6.7,6,0.3,13,4,4.4,13,2.6,0.6,0.7,46.7,4.5,71.7,949,36,NA,NA,"109:1"
"325",1990,7,26,"2",1,144,6.7,6,0.7,6,3,2.2,20,8.4,2.8,3.7,100.7,NA,3.1,44,264,NA,NA,"30:1"
"326",1990,7,26,"2",66,218,6.7,6.5,0.2,9,4,4.4,10,3,0.1,0.4,42.6,2.4,53.8,944,44,NA,NA,"77:1"
"327",1990,7,26,"3",1,145,6.7,6,0.7,10,3.7,2.6,17,6.4,1.1,0.9,96.5,6.7,2.5,107,356,NA,NA,"37:1"
"328",1990,7,26,"3",66,218,6.7,6,0.2,12,3.7,3.9,10,3.5,1,0.8,56.9,4.8,37.8,938,41,NA,NA,"65:1"
"329",1990,8,28,"1",1,123,5.9,5,0.9,11,2.8,1.9,31,15.7,6,2.3,162.8,9.2,13.4,154,354,NA,NA,"27:1"
"330",1990,8,28,"1",66,224,6.7,7,0.3,9,3.8,3.9,16,4.1,2.4,1.1,57.9,2.9,65.5,714,33,NA,NA,"72:1"
"331",1990,8,28,"2",1,127,6.8,7,0.7,11,2.8,1.9,28,10.5,2.4,0.5,124.1,10.4,8.1,354,160,NA,NA,"30:1"
"332",1990,8,28,"2",66,223,6.8,7,0.2,11,3.8,3.9,15,3.2,1.6,0.5,50.7,3.5,60.2,760,44,NA,NA,"83:1"
"333",1990,8,28,"3",1,133,6.7,7,0.8,11,2.8,2.6,28,10.3,3.7,1.1,97.6,14.6,9.7,423,189,NA,NA,"25:1"
"334",1990,8,28,"3",66,221,6.8,6,0.3,8,3.8,3.9,15,9.6,1.8,0.5,79.2,4.3,69.7,748,41,NA,NA,"37:1"
"335",1990,10,18,"1",1,143,6.6,6,0.7,10,2.8,2.6,45,6.2,4.6,2,67,10.9,36,623,73,NA,NA,"40:1"
"336",1990,10,18,"1",66,219,6.7,7,0.5,11,3.8,3.9,28,13.4,2.1,0.8,91.5,5,69.2,806,30,NA,NA,"29:1"
"337",1990,10,18,"2",1,139,6.8,6,0.8,11,2.8,1.9,39,6.2,2.5,1.1,66,8.5,47.6,623,76,NA,NA,"44:1"
"338",1990,10,18,"2",66,234,6.6,7,0.3,8,3.8,3.9,26,3.3,3.8,1.8,45.7,7.6,44.5,783,27,NA,NA,"65:1"
"339",1990,10,18,"3",1,139,6.8,7,0.7,10,2.8,2.6,39,6.3,2.8,1.4,79.3,9.9,42.3,588,119,NA,NA,"46:1"
"340",1990,10,18,"3",66,238,6.7,7,0.3,8,3.8,3.9,16,5.9,1.1,0.2,56.8,2.9,70.7,778,93,NA,NA,"52:1"
"341",1988,3,16,"1",1,205,7.5,8,0.7,9.8,NA,NA,23,10.5,1,0.9,79.9,1.1,44.3,622,NA,NA,NA,"28:1"
"342",1988,3,16,"1",66,218,6.7,18,0.3,9.8,NA,NA,23,3.5,0.8,0.9,59,1.1,47.1,782,NA,NA,NA,"72:1"
"343",1988,3,16,"2",1,208,6,8,0.6,9.8,NA,NA,30,3.9,1.1,1.1,60,1.1,43.1,717,NA,NA,NA,"63:1"
"344",1988,3,16,"2",66,211,6.6,10,0.6,9.8,NA,NA,21,2.4,1,0.8,25.2,1.1,45.5,681,NA,NA,NA,"70:1"
"345",1988,3,16,"3",1,208,6.5,7,0.3,NA,NA,NA,26,6.4,NA,NA,58.2,NA,NA,726,NA,NA,NA,"22:1"
"346",1988,3,16,"3",66,209,6.4,8,0.6,9.8,NA,NA,25,2.8,1.4,0.9,26.8,2.5,46.3,663,NA,NA,NA,"62:1"
"347",1988,4,20,"1",1,209,7.1,5,0.4,9.8,NA,NA,19,3.2,1.2,1.1,44.5,3,39,862,NA,NA,NA,"62:1"
"348",1988,4,20,"1",66,215,6.9,5,0.3,11,NA,NA,21,3.2,1.5,1.3,78.2,1.1,45.5,880,NA,NA,NA,"92:1"
"349",1988,4,20,"2",1,213,7,5,0.3,9.8,NA,NA,21,3,1.2,0.9,34.9,1.8,39.8,862,NA,NA,NA,"59:1"
"350",1988,4,20,"2",66,217,6.9,5,0.4,11,NA,NA,21,2.8,1.3,0.9,29.2,1.1,42.2,880,NA,NA,NA,"61:1"
"351",1988,4,20,"3",1,214,6.8,4,0.4,11,NA,NA,18,3,1.4,0.9,34.1,1.1,39.8,862,NA,NA,NA,"59:1"
"352",1988,4,20,"3",66,219,6.8,5,0.4,9.8,NA,NA,19,3,1.3,1,34.9,1.1,43.1,862,NA,NA,NA,"62:1"
"353",1988,5,18,"1",1,175,7.4,15,0.7,8.7,NA,NA,33,4.2,1.5,1.1,56.5,2.8,42.2,724,NA,NA,NA,"56:1"
"354",1988,5,18,"1",66,219,6.7,8,0.5,11,NA,NA,19,NA,1.7,1.1,NA,1.1,44.7,969,NA,NA,NA,NA
"355",1988,5,18,"2",1,196,6.4,8,1,9.8,NA,NA,47,2.9,1.5,1.2,40.5,1.1,30.2,856,NA,NA,NA,"58:1"
"356",1988,5,18,"2",66,213,6.4,7,0.5,13.2,NA,NA,25,3.2,2.3,1.8,44.5,1.1,42.2,875,NA,NA,NA,"65:1"
"357",1988,5,18,"3",1,207,6.5,6,0.4,11,NA,NA,26,2.9,1.1,0.8,38.1,2,35,856,NA,NA,NA,"60:1"
"358",1988,5,18,"3",66,225,6.4,7,0.3,11,NA,NA,35,2.9,1.7,1.5,35.7,1.1,43.1,875,NA,NA,NA,"65:1"
"359",1987,3,10,"1",1,195,7.1,7,0.5,10.8,NA,NA,10,3.3,2.3,1.2,32,2,64,1077,NA,NA,NA,"69:1"
"360",1987,3,10,"1",66,201,6.7,7,0.5,8.7,NA,NA,36,4.7,3.6,0.9,33.6,2.5,78.5,1236,NA,NA,NA,"57:1"
"361",1987,3,10,"2",1,195,6.6,7,0.4,10.8,NA,NA,30,3.2,1.6,0.8,43.5,2.5,69.8,910,NA,NA,NA,"84:1"
"362",1987,3,10,"2",66,207,6.7,7,0.4,1.9,NA,NA,37,3.8,2.6,0.8,33.3,2.5,76.6,842,NA,NA,NA,"69:1"
"363",1987,3,10,"3",1,180,6.6,7,0.5,1.9,NA,NA,25,3.3,2,0.5,49,2.5,74.6,886,NA,NA,NA,"89:1"
"364",1987,3,10,"3",66,195,6.54,7,0.5,10.9,NA,NA,27,3.6,2,0.5,45.7,2.5,75.6,694,NA,NA,NA,"80:1"
"365",1987,4,13,"1",1,182,6.5,8,0.4,8.7,NA,NA,20,2.5,1.1,0.4,33.6,2.5,67.9,1131,NA,NA,NA,"97:1"
"366",1987,4,13,"1",66,202,6.6,7,0.3,8.7,NA,NA,5,2.4,1,0.5,46.3,3,79.4,1288,NA,NA,NA,"125:1"
"367",1987,4,13,"2",1,196,6.6,7,0.4,8.7,NA,NA,3,2.9,1.5,0.7,45.2,4.5,76.5,1062,NA,NA,NA,"100:1"
"368",1987,4,13,"2",66,199,6.5,7,0.4,10.9,NA,NA,3,2.2,1.1,0.5,43,3.5,68.9,1192,NA,NA,NA,"121:1"
"369",1987,4,13,"3",1,192,6.8,6,0.4,8.7,NA,NA,3,2.4,1.4,0.5,43.8,3.5,68.9,1043,NA,NA,NA,"112:1"
"370",1987,4,13,"3",66,195,6.4,7,0.4,12.1,NA,NA,3,2.5,1,0.4,40.8,2.5,80.4,1227,NA,NA,NA,"116:1"
"371",1987,5,15,"1",1,168,8.4,10,0.2,8.7,NA,NA,33,2.6,0.9,0.4,23.7,3.5,65,1199,NA,NA,NA,"81:1"
"372",1987,5,15,"1",66,197,6.7,7,0.2,8.7,NA,NA,56,2.7,1.4,0.4,18.2,2,65,1174,NA,NA,NA,"74:1"
"373",1987,5,15,"2",1,172,6.6,7,0.2,9.8,NA,NA,19,2.7,1,0.4,35.8,1.5,64.1,1131,NA,NA,NA,"88:1"
"374",1987,5,15,"2",66,190,6.6,6,0.3,13.2,NA,NA,17,2.5,1,0.6,27,2,59.3,1183,NA,NA,NA,"82:1"
"375",1987,5,15,"3",1,186,6.6,10,0.2,9.8,NA,NA,25,2.5,1.1,0.5,29.2,2.5,66.9,1111,NA,NA,NA,"92:1"
"376",1987,5,15,"3",66,204,6.6,8,0.2,14.3,NA,NA,44,2.6,1.1,0.4,32.9,2.5,67.9,1192,NA,NA,NA,"92:1"
"377",1987,6,9,"1",1,172,6.6,5,0.2,9.8,NA,NA,32,3,1.7,0.5,35.3,2.5,42,1065,NA,NA,NA,"61:1"
"378",1987,6,9,"1",66,202,6.4,6,0.2,9.8,NA,NA,32,2.8,0.9,0.4,28.7,3,71.7,1101,NA,NA,NA,"85:1"
"379",1987,6,9,"2",1,179,6.7,5,0.2,8.7,NA,NA,31,2.7,NA,NA,35.3,NA,NA,1074,NA,NA,NA,"31:1"
"380",1987,6,9,"2",66,203,6.5,6,0.3,10.9,NA,NA,42,2.6,1,0.4,53.7,3,69.8,1101,NA,NA,NA,"113:1"
"381",1987,6,9,"3",1,182,6.6,5,0.4,10.9,NA,NA,39,2.9,1.3,0.5,60.6,3,59.3,1101,NA,NA,NA,"99:1"
"382",1987,6,9,"3",66,200,6.4,5,0.2,10.9,NA,NA,46,2.7,0.9,0.4,66.6,3.5,72.7,1101,NA,NA,NA,"123:1"
"383",1987,7,9,"1",1,115,6.3,7,0.5,13.2,NA,NA,31,11,3.5,1.8,121.5,6.8,55.8,773,NA,NA,NA,"38:1"
"384",1987,7,9,"1",66,183,6.3,7,0.2,12.1,NA,NA,28,3,1,0.4,55.1,5,72.7,1080,NA,NA,NA,"102:1"
"385",1987,7,9,"2",1,120,6.6,6,0.4,14.3,NA,NA,32,4.7,1.4,0.5,68.5,4.2,39.9,907,NA,NA,NA,"55:1"
"386",1987,7,9,"2",66,167,6.6,8,0.1,13.2,NA,NA,35,2.9,1,0.3,65,6.6,69.7,1070,NA,NA,NA,"111:1"
"387",1987,7,9,"3",1,127,6.6,6,0.4,14.3,NA,NA,33,5.4,1.3,0.3,88.6,4.2,44.9,888,NA,NA,NA,"59:1"
"388",1987,7,9,"3",66,168,6.3,6,0.2,14.3,NA,NA,33,2.9,0.9,0.3,67.2,5.3,68.7,1080,NA,NA,NA,"112:1"
"389",1987,8,10,"1",1,123,6.8,6,0.9,12.1,NA,NA,16,13.5,2.8,1.9,161.1,4.2,5.1,46,NA,NA,NA,"29:1"
"390",1987,8,10,"1",66,210,6.6,7,0.1,12.1,NA,NA,23,3.5,1.8,0.6,37.3,4.2,69.2,1048,NA,NA,NA,"73:1"
"391",1987,8,10,"2",1,128,6.9,6,1,12.1,NA,NA,28,9,1.9,0.9,107.3,3.7,5.1,41,NA,NA,NA,"30:1"
"392",1987,8,10,"2",66,213,6.6,7,0.1,15.4,NA,NA,23,3.2,1.1,0.3,33.1,3.2,70.7,1012,NA,NA,NA,"77:1"
"393",1987,8,10,"3",1,130,7,7,1.2,15.4,NA,NA,28,9,1.4,0.7,105.1,4.2,69.7,36,NA,NA,NA,"46:1"
"394",1987,8,10,"3",66,205,6.5,7,0.2,15.4,NA,NA,34,3.1,1.4,0.7,30.9,4.2,69.7,1012,NA,NA,NA,"77:1"
"395",1987,9,18,"1",1,105,6.5,6,0.6,12.1,NA,NA,25,4.9,1.6,0.4,77.6,5.8,8.6,219,NA,NA,NA,"42:1"
"396",1987,9,18,"1",66,205,6.5,7,0.5,10.9,NA,NA,26,3.6,1.4,0.9,36.4,3.7,70.2,1094,NA,NA,NA,"71:1"
"397",1987,9,18,"2",1,112,6.5,6,0.9,14.3,NA,NA,41,4.5,1.3,0.3,76,4.2,7.1,187,NA,NA,NA,"44:1"
"398",1987,9,18,"2",66,211,6.5,7,0.4,10.9,NA,NA,26,2.8,1.1,0.7,29.2,3.7,70.7,1003,NA,NA,NA,"85:1"
"399",1987,9,18,"3",1,116,6.5,6,0.7,14.3,NA,NA,37,4.9,1.4,0.3,71.6,6.8,12.1,259,NA,NA,NA,"41:1"
"400",1987,9,18,"3",66,208,6.5,7,0.3,12.1,NA,NA,36,2.8,2.4,0.6,31.4,3.2,70.2,1003,NA,NA,NA,"87:1"
"401",1987,11,12,"1",1,146,6.6,9,0.4,8.7,NA,NA,26,3.8,2.3,0.8,48.6,4.5,48.4,740,NA,NA,NA,"61:1"
"402",1987,11,12,"1",66,229,6.6,11,0.2,8.7,NA,NA,12,4.5,2.4,1,47.4,2.5,66.3,975,NA,NA,NA,"60:1"
"403",1987,11,12,"2",1,149,6.6,9,0.4,12.1,NA,NA,29,3.7,1.1,0.7,52.9,5.3,47.9,768,NA,NA,NA,"65:1"
"404",1987,11,12,"2",66,215,6.6,10,0.3,10.9,NA,NA,23,4,1.1,0.8,62.3,3.2,66.8,1012,NA,NA,NA,"77:1"
"405",1987,11,12,"3",1,152,6.6,9,0.6,10.9,NA,NA,39,3.6,1.5,0.8,50.2,3.2,48.9,705,NA,NA,NA,"66:1"
"406",1987,11,12,"3",66,231,6.5,11,0.3,NA,NA,NA,34,3.6,NA,NA,47.8,NA,NA,984,NA,NA,NA,"32:1"
"407",1986,4,10,"3",1,185,6.3,4,0.6,8.7,2.7,3.2,5,4,2.7,1.1,57.6,2.8,44,1076,52,NA,NA,"61:1"
"408",1986,4,10,"3",55,188,6.4,5,NA,NA,4.1,2.6,9,3.7,NA,NA,43.9,NA,NA,1235,74,NA,NA,NA
"409",1986,4,10,"4",1,188,6.3,7,0.3,9.8,3.2,3.3,7,5.9,5.2,2.2,35.4,4.1,56.7,1191,58,0.6,NA,"37:1"
"410",1986,4,10,"4",55,181,6.3,5,NA,9.8,4.1,2.6,6,3.9,4.5,1.2,35.4,3,41.3,1102,68,1.5,NA,"47:1"
"411",1986,4,10,"1",1,181,6.3,6,0.5,4.2,2.7,3.2,17,8.1,4,1.6,68.7,3.5,41.3,1120,184,6,NA,"32:1"
"412",1986,4,10,"1",55,193,6.2,5,NA,4.2,2.7,3.6,13,4.8,2.3,1.2,34.7,3,64.8,1094,203,0.8,NA,"49:1"
"413",1986,4,10,"2",1,187,6.2,6,0.5,10.9,2.7,3.6,11,5.5,2.4,0.8,42.9,3.7,64.8,1085,140,1.2,NA,"47:1"
"414",1986,4,10,"2",55,196,6.8,5,NA,9.8,3.2,3.2,5,4.5,2.3,0.9,38.1,3.7,63.8,1094,332,1.3,NA,"54:1"
"415",1986,4,25,"1",1,124,6.3,5,0.6,12.1,NA,NA,10,1.3,1.1,0.8,47.8,8.3,67,712,87,2,NA,"211:1"
"416",1986,4,25,"1",66,209,6.3,7,NA,9.8,NA,NA,3,1.1,1.2,1,33.2,3.3,69.2,1097,77,1.7,NA,"222:1"
"417",1986,4,25,"2",1,183,6.3,7,0.2,9.8,NA,NA,3,2.7,1.1,0.8,29.8,3,65.9,1110,NA,1.5,NA,"85:1"
"418",1986,4,25,"2",66,204,6.4,8,NA,10.9,NA,NA,3,1.7,0.9,0.7,29.3,3.3,68.1,1105,NA,7.2,NA,"137:1"
"419",1986,4,25,"3",1,185,6.4,9,0.4,10.9,NA,NA,11,0.8,0.8,0.7,40,3,65.9,1080,42,2,NA,"316:1"
"420",1986,4,25,"3",66,72,6.1,3,NA,12.1,NA,NA,3,1.3,0.9,0.6,32,1.1,64.8,341,128,23.9,NA,"178:1"
"421",1986,4,25,"4",1,135,6.2,6,0.2,10.9,NA,NA,3,1.2,0.9,0.8,29.3,2,NA,733,49,1.7,NA,NA
"422",1986,4,25,"4",66,183,6.3,7,NA,12.1,NA,NA,3,2.2,1,0.7,38.7,1.8,NA,1106,58,1.8,NA,NA
"423",1986,5,15,"1",1,148,6.5,7,0.4,12.1,NA,NA,3,2.2,1.5,0.8,30.4,3.9,62.7,1039,64,1.7,NA,"101:1"
"424",1986,5,15,"1",66,NA,NA,NA,NA,NA,NA,NA,NA,NA,NA,NA,NA,NA,NA,NA,NA,NA,NA,NA
"425",1986,5,15,"2",1,183,6.4,8,0.3,15.4,NA,NA,3,2,1.2,1.1,37.6,2.3,63.8,1080,112,1.9,NA,"121:1"
"426",1986,5,15,"2",66,190,6.4,8,NA,13.2,NA,NA,3,1.5,1.2,0.7,28.7,2,67,1105,83,1.8,NA,"152:1"
"427",1986,5,15,"3",1,183,6.3,7,0.4,14.3,NA,NA,3,3,1.6,0.9,36.5,2,63.7,955,55,2.1,NA,"80:1"
"428",1986,5,15,"3",66,190,6.4,7,NA,14.3,NA,NA,3,1.8,1.1,0.8,30.4,3,64.8,1039,61,1.7,NA,"126:1"
"429",1986,5,15,"4",1,183,6.3,7,0.4,14.3,NA,NA,3,2.1,1.1,1,42.6,2.5,60.5,1105,64,2.1,NA,"117:1"
"430",1986,5,15,"4",66,112,6.3,5,NA,15.4,NA,NA,3,2.1,0.8,0.8,34.3,3.9,63.8,690,46,1.7,NA,"111:1"
"431",1986,6,6,"1",1,189,6.2,2,0.3,17.7,NA,NA,14,4.4,1.5,1,55.2,3.9,58.3,1059,159,4.5,NA,"62:1"
"432",1986,6,6,"1",66,217,6.3,5,NA,15.4,NA,NA,16,2.7,1.8,1.2,36.5,4.4,69.2,1095,68,1.4,NA,"93:1"
"433",1986,6,6,"2",1,194,6.5,2,0.2,16.6,NA,NA,11,3.3,1.6,1.1,55.2,4.4,55.6,1041,153,4.3,NA,"80:1"
"434",1986,6,6,"2",66,213,6.6,6,NA,16.6,NA,NA,16,3.6,2,1.3,43.1,4.9,69.2,1095,71,2,NA,"74:1"
"435",1986,6,6,"3",1,199,6.7,6,0.2,15.4,NA,NA,17,2.7,1.5,1.3,45.3,2.3,60.5,1077,115,3.2,NA,"83:1"
"436",1986,6,6,"3",66,212,6.5,5,NA,17.7,NA,NA,14,2,1.6,1.1,30.8,2.3,67,1295,49,1.5,NA,"117:1"
"437",1986,6,6,"4",1,202,6.3,6,0.2,16.6,NA,NA,17,3.1,1.4,0.9,48.4,2,61.6,1131,93,2.9,NA,"85:1"
"438",1986,6,6,"4",66,216,6.5,7,NA,18.8,NA,NA,17,2.1,1.6,0.8,35.6,4.7,67,1168,61,NA,NA,"117:1"
"439",1986,8,5,"1",1,137,6.9,8,1,8.7,NA,NA,10,17.7,6.3,3.7,177.2,10.5,3.4,306,462,1.9,NA,"24:1"
"440",1986,8,5,"1",66,214,6.6,8,0.2,6.4,NA,NA,12,2.1,1.5,1.2,35.6,4.4,73.5,1071,71,9.6,NA,"124:1"
"441",1986,8,5,"2",1,137,6.8,7,1,3,NA,NA,11,10.5,4.3,2.4,132,2.5,3.4,336,458,2.1,NA,"31:1"
"442",1986,8,5,"2",66,211,6.4,7,0.2,7.5,NA,NA,11,2.3,1.6,1.3,36.7,6.7,72.5,1036,49,15.2,NA,"113:1"
"443",1986,8,6,"3",1,132,6.7,8,1,4.2,NA,NA,13,6.4,2.6,1.2,88.8,5.8,3.4,293,383,6.1,NA,"34:1"
"444",1986,8,6,"3",66,192,6.5,8,0.3,7.5,NA,NA,10,1.9,1.7,0.9,39.9,4.4,72.5,1045,49,2,NA,"141:1"
"445",1986,8,6,"4",1,135,6.8,8,0.9,5.3,NA,NA,9,7.5,2.8,1.2,97.4,12.9,3.4,286,380,8.1,NA,"32:1"
"446",1986,8,6,"4",66,190,6.5,9,0.2,10.9,NA,NA,7,2,1.9,1.1,37.7,10.5,76.4,1036,68,2.4,NA,"136:1"
"447",1986,8,25,"1",1,107,6.6,7,1.4,8.7,NA,NA,11,6,3.3,0.5,92,1.3,3.4,34,518,8.8,NA,"38:1"
"448",1986,8,25,"1",66,211,6.7,7,0.2,13.2,NA,NA,15,2.3,1.7,0.4,41.4,1.1,70.9,1067,77,1.9,NA,"116:1"
"449",1986,8,25,"2",1,124,6.7,7,1.6,12.1,NA,NA,13,7.1,3.4,0.7,91,1.5,3.4,93,477,6.1,NA,"32:1"
"450",1986,8,25,"2",66,208,6.6,7,0.1,8.7,NA,NA,11,2.1,1.2,0.7,36.1,1.5,67.7,1047,83,1.9,NA,"118:1"
"451",1986,8,25,"3",1,127,6.6,7,0.5,8.7,NA,NA,15,5.4,2.9,0.5,84,1.5,59,418,NA,5.1,NA,"63:1"
"452",1986,8,25,"3",66,209,6.6,6,0.1,7.5,NA,NA,11,2.5,1.4,0.4,55.2,1.5,NA,34,NA,1.6,NA,NA
"453",1986,8,25,"4",1,131,6.7,6,0.6,10.9,NA,NA,7,5.7,2.8,0.3,88.5,1.5,3.4,59,33,4.7,NA,"38:1"
"454",1986,8,25,"4",66,210,6.6,7,0.2,6.4,NA,NA,7,2.4,1.8,0.5,53.1,3,71.2,999,458,1.6,NA,"124:1"
"455",1986,9,16,"1",1,118,6.7,7,0.5,9.8,NA,NA,20,7.4,5.4,0.9,73,4,9.2,140,147,2.9,NA,"27:1"
"456",1986,9,16,"1",66,214,6.6,7,0.1,10.9,NA,NA,18,3.7,3.5,0.6,40.8,4.3,81.5,1076,24,2.5,NA,"79:1"
"457",1986,9,16,"2",1,124,6.4,5,0.4,8.7,NA,NA,9,6,4.4,0.1,66,4,97.2,109,160,4.8,NA,"65:1"
"458",1986,9,16,"2",66,213,6.6,7,0.1,12.1,NA,NA,8,3.6,2.7,0.7,44.5,4.5,14.3,1067,24,3.5,NA,"39:1"
"459",1986,9,16,"3",1,124,6.6,6,0.5,6.4,NA,NA,7,5.4,4.1,0.2,71.9,5,14.3,46,150,3.4,NA,"38:1"
"460",1986,9,16,"3",66,214,6.7,6,0.1,7.5,NA,NA,7,3.1,2.2,0.3,33.8,5,79.2,1042,24,2.7,NA,"87:1"
"461",1986,9,16,"4",1,122,6.6,6,0.5,8.7,NA,NA,8,5.8,4.2,0.1,70.8,4,36.2,46,150,4.9,NA,"44:1"
"462",1986,9,16,"4",66,213,6.5,6,0.1,8.7,NA,NA,8,3.4,2.1,0.4,44.5,2.8,78.9,1033,24,3,NA,"87:1"
"463",1986,10,10,"1",1,107,6.4,5,0.8,6.4,NA,NA,19,17.5,11.2,1.4,89.8,9.6,6.1,722,167,8.7,NA,"13:1"
"464",1986,10,10,"1",66,219,6.5,5,0.4,5.3,NA,NA,15,5,3.4,1.5,47.9,10.5,73.5,1046,24,2.5,NA,"58:1"
"465",1986,10,10,"2",1,111,6.6,5,0.7,6.4,NA,NA,18,5.3,2.2,0.9,70.6,9.6,8.1,686,79,NA,NA,"35:1"
"466",1986,10,10,"2",66,212,6.6,6,0.4,8.7,NA,NA,7,3.6,2.6,1.2,30.4,7.2,73.5,1010,24,2,NA,"69:1"
"467",1986,10,10,"3",1,111,6.5,6,0.5,7.5,NA,NA,28,5.5,2.2,0.8,75,11,12,597,99,3.2,NA,"38:1"
"468",1986,10,10,"3",66,214,6.5,6,0.4,10.9,NA,NA,9,3.6,2.4,1.2,25.1,4.4,76.4,1010,24,4.5,NA,"67:1"
"469",1986,10,10,"4",1,113,6.4,5,0.8,8.7,NA,NA,28,5.1,2.2,0.9,56.6,10,14,561,NA,4,NA,"33:1"
"470",1986,10,10,"4",66,214,6.6,6,0.4,14.3,NA,NA,9,3.2,3.2,1.3,19.9,9.1,99.2,1010,458,2.7,NA,"88:1"
"471",1986,10,28,"1",1,112,6.3,6,0.5,9.8,NA,NA,21,9.2,7.7,1.6,46.7,8.6,35.8,327,31,1.8,NA,"21:1"
"472",1986,10,28,"1",66,216,6.6,6,0.2,13.2,NA,NA,12,5.4,5,1.3,19.9,9.1,76.4,1010,24,0.7,NA,"43:1"
"473",1986,10,28,"2",1,121,6,6,0.4,10.9,NA,NA,25,4.7,3.2,1.3,47.9,11.4,34.8,328,24,0.8,NA,"42:1"
"474",1986,10,28,"2",66,218,5.5,7,0.2,14.3,NA,NA,10,3.9,3.8,1.2,25.7,8.2,74.5,992,24,1.9,NA,"61:1"
"475",1986,10,28,"3",1,123,6.5,6,0.5,14.3,NA,NA,30,4.5,2.7,1.7,53.1,11.4,29.9,363,45,0.7,NA,"44:1"
"476",1986,10,28,"3",66,208,6.5,8,0.2,14.3,NA,NA,11,3.5,3.4,1.2,19.4,8.2,73.5,992,24,2.4,NA,"63:1"
"477",1986,10,28,"4",1,123,6.5,7,0.4,16.6,NA,NA,28,4.8,2.5,1.2,49.9,11.9,23,399,45,0.8,NA,"36:1"
"478",1986,10,28,"4",66,215,6.5,9,0.1,14.3,NA,NA,9,4.1,2.6,1.1,20.5,5.8,56.6,992,24,2.7,NA,"45:1"
"479",1986,11,21,"1",1,142,6.3,6,0.1,17.7,NA,NA,28,3.9,2.6,0.9,54.9,9.1,59.6,1167,24,1.2,NA,"70:1"
"480",1986,11,21,"1",66,191,6.5,8,0.1,18.8,NA,NA,30,4.9,4,1.1,28.8,5.8,77.4,1022,24,1.6,NA,"52:1"
"481",1986,11,21,"2",1,150,6.6,6,0.1,17.7,NA,NA,34,3.7,2.4,1.5,54.4,3.8,53.7,849,24,1.1,NA,"70:1"
"482",1986,11,21,"2",66,205,6.7,5,0.1,14.3,NA,NA,23,4.1,3.4,0.9,31.2,7.7,75.47,1012,24,1.8,NA,"62:1"
"483",1986,11,21,"3",1,144,6.6,5,0.1,17.7,NA,NA,33,4,2.6,0.8,55.5,3,49.7,789,24,1,NA,"63:1"
"484",1986,11,21,"3",66,221,6.3,5,0.1,18.8,NA,NA,28,3.6,3.4,1.2,28.3,4.9,77.4,995,24,1.5,NA,"70:1"
"485",1986,11,21,"4",1,138,6.6,6,0.8,23.3,NA,NA,23,3.7,2.8,1.1,54.9,14.7,45.7,737,24,0.8,NA,"65:1"
"486",1986,11,21,"4",66,207,6.7,5,0.1,19.9,NA,NA,18,3.7,3.2,0.8,27.7,6.8,77.4,1012,24,1.6,NA,"68:1"
"487",1985,4,10,"1",1,185,6.3,12,0.8,10.9,3.9,3.1,8,1.3,1.6,0.4,29.2,15.7,88.3,1127,158,1.2,NA,"215:1"
"488",1985,4,10,"1",66,196,6.4,12,0.6,NA,3.9,3.1,12,2.9,2.7,0.4,38,12.4,79.5,1115,83,1.3,NA,"97:1"
"489",1985,4,10,"2",1,194,6.3,12,0.8,9.8,4.8,3.7,9,2.4,2.8,0.5,36,12.4,99.1,1140,158,1.2,NA,"134:1"
"490",1985,4,10,"2",66,202,6.1,12,1.1,NA,4.8,3.1,21,1.9,2.5,1.9,43.4,10,149.4,1148,65,1.2,NA,"242:1"
"491",1985,4,10,"3",1,198,6.3,12,0.7,8.7,4.8,1.8,26,2.2,2.6,0.6,38,11.9,109.7,1127,140,1.1,NA,"160:1"
"492",1985,4,10,"3",66,202,6.4,14,0.7,NA,3.9,2.4,19,2.5,3.2,0.7,52.2,12.9,106.9,1139,143,1.2,NA,"152:1"
"493",1985,4,10,"4",1,200,6.4,14,0.7,8.7,3,3.7,3,1.7,2.3,0.1,33.2,8.6,71.3,1125,24,1.1,NA,"147:1"
"494",1985,4,10,"4",66,204,6.3,13,0.7,NA,3,3.1,3,3.8,2.6,0.5,62.4,4.1,59.5,1128,24,1.8,NA,"77:1"
"495",1985,5,3,"1",1,205,6.5,14,0.6,23.3,3.9,3.1,11,2.6,11.4,5.9,42.8,10.5,103.7,1124,32,0.9,NA,"134:1"
"496",1985,5,3,"1",66,211,6.4,12,0.8,NA,3.9,4.4,30,1.5,3.4,0.8,38,8.4,72.9,1133,29,0.9,NA,"176:1"
"497",1985,5,3,"2",1,204,6.4,12,2.4,10.9,5.7,3.1,17,2,3,0.5,60.4,8.6,77,1150,36,1.1,NA,"164:1"
"498",1985,5,3,"2",66,207,6.5,11,0.7,NA,3.9,3.7,17,2.3,NA,NA,43.4,NA,NA,1148,24,1,NA,NA
"499",1985,5,3,"3",1,201,6.3,14,1.2,9.8,3.9,3.1,20,1.9,2.8,0.6,47.5,8.1,49.2,1139,54,0.7,NA,"121:1"
"500",1985,5,3,"3",66,205,6.3,10,2.8,12.1,3.9,1.1,13,2.4,2.2,0.1,36,9.1,65.4,1145,29,0.8,NA,"101:1"
"501",1985,5,3,"4",1,199,6.4,14,0.7,18.8,3.9,4.4,6,2.3,5.8,4.8,48.9,11,110.1,1130,36,0.9,NA,"165:1"
"502",1985,5,3,"4",66,201,6.4,12,0.7,9.8,4.8,3.1,3,1.5,2.8,0.9,39.3,10.5,64.4,1130,24,0.9,NA,"165:1"
"503",1985,5,23,"1",1,145,6.2,8,0.7,10.9,3,3.1,20,6.1,4.4,2.5,58.7,13.8,82.1,1168,97,2.2,NA,"55:1"
"504",1985,5,23,"1",66,216,5.8,6,0.6,NA,4.8,3.1,12,3.2,2.1,1.3,48,8.1,61,1151,24,1.4,NA,"81:1"
"505",1985,5,23,"2",1,205,4.9,3,0.6,9.8,6.6,6.3,14,2.4,2.7,0.4,47.7,8.1,69.3,1142,93,0.8,NA,"116:1"
"506",1985,5,23,"2",66,NA,NA,NA,NA,NA,NA,NA,NA,NA,NA,NA,NA,NA,NA,NA,NA,NA,NA,NA
"507",1985,5,23,"3",1,196,5.8,6,1.2,12.1,3.9,3.7,8,5.4,5.9,2.7,71.4,16.4,62.5,1140,86,1,NA,"59:1"
"508",1985,5,23,"3",66,203,6.2,14,1.6,NA,3.9,3.1,79,1.6,2.8,0.6,47.3,7.6,65.4,1198,108,1,NA,"168:1"
"509",1985,5,23,"4",1,140,6.2,8,1.1,7.5,3.9,6.3,4,3.7,4.7,1.8,68.7,11.4,68.7,1118,90,0.8,NA,"89:1"
"510",1985,5,23,"4",66,207,5.5,4,0.7,6,3.9,5.7,3,3.1,3.1,0.8,70,20.5,54.4,1121,147,6.1,NA,"96:1"
"511",1985,6,13,"1",1,167,5.7,4,3.4,7.5,2.8,3.6,36,6.3,4.9,0.9,128.1,12.9,53.9,1048,86,4,NA,"69:1"
"512",1985,6,13,"1",66,208,5.6,2,1.4,8.7,3.9,3.6,24,3.8,4.2,1.8,58.7,7.2,64.1,1099,75,1.8,NA,"77:1"
"513",1985,6,13,"2",1,173,6.3,3,2.8,9.8,2.8,3.6,20,3.2,2.2,1,72.1,11.4,50.3,1048,54,3,NA,"91:1"
"514",1985,6,13,"2",66,208,6.3,6,2,10.9,3.9,3.6,21,2.8,1.9,1.2,58.7,15.8,66.7,1107,129,2,NA,"107:1"
"515",1985,6,13,"3",1,173,6.5,6,2,9.8,3.9,3.6,6,4.1,3.1,0.8,72.7,10.5,66.7,1048,251,2.5,NA,"81:1"
"516",1985,6,13,"3",66,207,6,3,1.6,NA,3.9,2.9,4,3,3.5,0.7,58,12.9,72.9,1090,100,1.5,NA,"104:1"
"517",1985,6,13,"4",1,179,5.7,2,2,7.5,3.9,3.6,6,3.3,5.8,1.2,72,14.3,44.1,1048,258,2.9,NA,"84:1"
"518",1985,6,13,"4",66,209,5.9,3,2.2,NA,3.9,2.9,6,2.7,4.4,1.7,44.7,12.4,67.2,1082,24,1.9,NA,"99:1"
"519",1985,6,25,"1",1,163,6.4,6,1.2,10.9,2.9,3.4,4,6.3,5.2,2.3,122.8,10.5,201.3,1013,115,9.1,NA,"123:1"
"520",1985,6,25,"1",66,208,6.5,6,3.8,9.8,3.8,4.8,20,4.8,4.6,1,59.8,7.9,72.4,1107,24,2.2,NA,"66:1"
"521",1985,6,25,"2",1,165,6.5,7,1.6,10.9,3.4,4.4,5,8.2,5.9,2.5,110.1,14.8,90.8,1090,133,5.7,NA,"58:1"
"522",1985,6,25,"2",66,210,6.5,6,2.4,8.7,3.8,3.4,20,3.2,5.5,1,55.4,9.1,105.7,1176,24,2.1,NA,"120:1"
"523",1985,6,25,"3",1,167,6.5,6,1.4,8.7,3.4,4.4,3,4.5,5.2,1.4,88.7,5.3,42.6,1099,133,3.3,NA,"70:1"
"524",1985,6,25,"3",66,207,6.6,7,1.4,9.8,2.9,4.4,3,5.3,17.9,0.8,112.8,5.3,68.2,1184,24,1.9,NA,"81:1"
"525",1985,6,25,"4",1,168,6.5,6,1,9.8,2.9,4.4,6,3.3,3.2,1.4,97,5.3,41,1030,183,2.9,NA,"100:1"
"526",1985,6,25,"4",66,209,6.6,7,1,15.4,3.8,5.3,3,2.2,5.6,3.8,78.1,5.3,60.5,1099,54,2,NA,"150:1"
"527",1985,7,16,"1",1,123,6.4,6,0.8,6.4,NA,NA,31,11.1,5.7,2.6,127.9,15.8,72.9,776,344,9.8,NA,"43:1"
"528",1985,7,16,"1",66,153,6.5,5,NA,13.2,NA,NA,35,4.1,15.3,8.5,48,15.3,72.4,1020,29,1.7,NA,"70:1"
"529",1985,7,16,"2",1,126,6.5,5,0.7,8.7,NA,NA,20,6.7,5.1,3.4,86.1,14.8,26.6,776,326,5.8,NA,"40:1"
"530",1985,7,16,"2",66,187,6.5,6,NA,22.2,NA,NA,41,3.5,29.3,NA,43.1,8.1,73.4,1132,100,2.4,NA,"79:1"
"531",1985,7,16,"3",1,133,6.5,3,1.1,9.8,NA,NA,33,5.7,5,1.5,100.1,3.6,11.8,907,341,3.8,NA,"47:1"
"532",1985,7,16,"3",66,185,6.4,5,NA,10.9,NA,NA,25,3.6,4.7,1.9,32.6,1.9,58.5,1067,197,2.2,NA,"60:1"
"533",1985,7,16,"4",1,131,6.4,7,1.2,24.5,NA,NA,55,9.9,17.3,14.5,76.7,4.8,17.9,957,298,3.7,NA,"23:1"
"534",1985,7,16,"4",66,185,6.5,6,NA,10.9,NA,NA,33,3,2.8,0.7,37.3,2.4,71.3,1010,47,1.8,NA,"86:1"
"535",1985,8,6,"1",1,113,6.4,6,1.1,6.4,NA,NA,17,8.2,3.2,0.7,102.1,10.5,45.1,629,326,6.2,NA,"43:1"
"536",1985,8,6,"1",66,169,6.3,6,NA,9.8,NA,NA,37,3.6,2.5,1.5,46.5,10,74.9,1048,24,2.2,NA,"80:2"
"537",1985,8,6,"2",1,113,6.3,5,0.6,6.4,NA,NA,20,8.9,4,1.8,110.9,7.7,13.3,701,387,7.1,NA,"33:1"
"538",1985,8,6,"2",66,183,6.3,7,NA,7.5,NA,NA,20,3.5,3.1,1.5,53.3,9.6,89.3,1020,NA,1.9,NA,"97:1"
"539",1985,8,6,"3",1,120,6.1,8,0.6,16.7,NA,NA,16,7.5,6.5,6,107.6,10.5,3.4,738,369,6,NA,"35:1"
"540",1985,8,6,"3",66,122,6.3,5,NA,8.7,NA,NA,14,3.9,2.9,0.8,47.9,10.5,71.8,1001,36,3.8,NA,"73:1"
"541",1985,8,6,"4",1,118,6.4,5,0.7,8.7,NA,NA,14,6.3,3.4,0.2,91.2,13.8,3.5,710,72,5.9,NA,"36:1"
"542",1985,8,6,"4",66,191,6.5,6,NA,8.7,NA,NA,14,3.9,2.8,1.2,89.9,14.8,60,982,32,4,NA,"92:1"
"543",1985,8,28,"1",1,90,6.6,6,0.6,7.5,NA,NA,16,7.7,3.9,2.9,94.8,10,24.1,795,122,6.9,NA,"37:1"
"544",1985,8,28,"1",66,178,6.6,6,NA,8.7,NA,NA,11,2.5,2.8,1.4,32.5,2.4,70.8,1048,24,4.9,NA,"99:1"
"545",1985,8,28,"2",1,102,6.6,6,0.6,8.7,NA,NA,11,5.7,3.5,1.7,86.6,7.2,17.4,757,197,7.6,NA,"44:1"
"546",1985,8,28,"2",66,181,6.6,7,NA,9.8,NA,NA,16,2.7,2.7,2,36.8,3.4,70.6,1048,72,4.7,NA,"95:1"
"547",1985,8,28,"3",1,104,6.5,7,0.6,8.7,2.4,1.5,12,5.7,3.8,2,56.5,8.6,12,1151,140,5.9,NA,"29:1"
"548",1985,8,28,"3",66,188,6.5,6,NA,8.7,NA,NA,14,NA,2.3,0.7,NA,4.8,96.5,1010,25,4.1,NA,NA
"549",1985,8,28,"4",1,101,6.7,6,0.6,7.5,NA,NA,16,6,3.5,2.5,94.7,6.7,11.8,729,151,4.9,NA,"42:1"
"550",1985,8,28,"4",66,169,6.5,7,NA,7.5,NA,NA,13,2,2.5,1.1,38.5,4.8,70.8,1001,24,4.2,NA,"130:1"
"551",1985,9,18,"1",1,103,6.5,7,0.8,8.7,NA,NA,51,8.9,3.7,2.1,90.4,4.1,14.6,896,129,6.8,NA,"28:1"
"552",1985,9,18,"1",66,210,6.6,7,NA,NA,NA,NA,65,4.3,2.6,1.8,33.6,1.1,69.6,1209,24,3.8,NA,"57:1"
"553",1985,9,18,"2",1,101,6.6,7,0.8,12.1,NA,NA,69,7.7,3.4,1.9,75.1,1.6,10.5,896,122,5.7,NA,"27:1"
"554",1985,9,18,"2",66,211,6.5,7,NA,NA,NA,NA,58,4.2,1.4,1.6,25.4,1.1,69.6,1165,126,4.2,NA,"54:1"
"555",1985,9,18,"3",1,113,6.6,7,0.6,12.1,NA,NA,57,5.4,3,1.5,76.8,4.1,34,896,158,4.8,NA,"49:1"
"556",1985,9,18,"3",66,217,6.5,7,NA,NA,NA,NA,43,3,2.5,1.1,42.9,1.1,83.3,1139,29,4.6,NA,"100:1"
"557",1985,9,18,"4",1,116,6.6,7,0.6,12.1,NA,NA,51,4.2,3.3,1.3,74,4.6,19.7,904,75,4.9,NA,"53:1"
"558",1985,9,18,"4",66,209,6.5,7,NA,NA,NA,NA,43,2.6,2.7,1.4,35.2,1.8,72.4,1139,24,3.7,NA,"99:1"
"559",1985,10,10,"1",1,119,6.4,6,2,4.2,2.5,1.7,42,7.8,2.6,1.3,72.9,3.7,40.1,963,115,3.8,NA,"35:1"
"560",1985,10,10,"1",66,216,6.3,6,NA,NA,3.4,4.4,37,4.2,2.1,1.3,36.3,1.4,72.7,1181,24,5.8,NA,"62:1"
"561",1985,10,10,"2",1,124,6.6,7,1.4,6.4,3.4,2.4,37,6.7,2.3,1.4,61.5,1.8,35,971,32,4.6,NA,"34:1"
"562",1985,10,10,"2",66,215,6.5,7,NA,NA,3.4,3.1,25,3.5,2.1,1.5,34.5,1.1,71.6,1154,158,4,NA,"72:1"
"563",1985,10,11,"3",1,125,6.5,7,1.2,7.5,2.5,2.4,32,5.2,2.2,1.5,64.2,1.1,44.1,971,75,5.1,NA,"50:1"
"564",1985,10,11,"3",66,214,6.3,7,NA,NA,3.4,3.8,19,2.7,0.9,1.1,36.9,1.1,70.6,1137,24,4,NA,"95:1"
"565",1985,10,11,"4",1,125,6.5,7,1.6,7.5,3.4,2.4,31,5.6,1.9,1.1,78.4,1.4,33.54,971,24,5,NA,"48:1"
"566",1985,10,11,"4",66,201,6.4,7,NA,NA,3.4,3.8,19,3.4,0.8,1,31.4,1.1,70.6,963,24,3.7,NA,"72:1"
"567",1985,10,29,"1",1,109,6.2,6,0.6,7.5,2.7,2,5,4.2,2.5,0.9,63.2,21.1,58.9,1006,285,6.6,NA,"69:1"
"568",1985,10,29,"1",66,206,6.5,7,NA,17.7,3.2,3.3,11,2.3,1.5,1.2,32.6,5.4,70.3,1173,102,0.9,NA,"107:1"
"569",1985,10,29,"2",1,126,6.4,5,0.4,8.7,2.7,2.3,13,3.6,2,1,74.3,18,33.5,1023,146,1.4,NA,"71:1"
"570",1985,10,29,"2",66,199,6.1,7,NA,NA,3.2,3.6,7,2.3,1.3,0.9,32.6,19.1,64,1094,80,1.1,NA,"100:1"
"571",1985,10,31,"3",1,127,6.2,6,0.5,8.7,3.2,1.6,15,4.4,2.1,1.3,60.7,23.1,36.1,997,140,1.4,NA,"53:1"
"572",1985,10,31,"3",66,211,6.2,7,NA,NA,3.2,4,5,3.6,1.4,0.6,43.3,19.6,74.1,1138,109,1.4,NA,"78:1"
"573",1985,10,31,"4",1,126,6.2,6,NA,7.5,2.7,2.3,15,5.9,2.8,0.6,55.8,23.1,26.9,988,150,1.7,NA,"33:1"
"574",1985,10,31,"4",66,211,6.3,6,NA,NA,3.2,4,6,2.3,1.5,0.7,39.1,22.6,64,1129,NA,1.2,NA,"107:1"
"575",1985,12,11,"1",1,170,6.3,6,0.7,6.4,3.2,4,12,3.6,3.6,1.7,48.7,14.1,48.7,1146,71,1.7,NA,"65:1"
"576",1985,12,11,"1",66,181,6.3,5,NA,NA,2.7,4,14,3.2,2.4,1.8,35.8,20.1,64,1164,279,1.2,NA,"74:1"
"577",1985,12,11,"2",1,165,6.8,1,0.6,6.4,2.7,3,10,3,2.1,1.3,41.2,12,51.3,1102,49,1.3,NA,"74:1"
"578",1985,12,11,"2",66,169,6.5,4,NA,NA,2.7,3.3,13,2.3,2.5,1.5,36.4,13.5,61.5,1102,301,2.8,NA,"102:1"
"579",1985,12,12,"3",1,183,6.5,7,0.5,9.8,3.2,2.6,6,3.8,2.5,1.4,49.8,14,48.7,838,68,1.1,NA,"62:1"
"580",1985,12,12,"3",66,182,6.2,7,NA,NA,2.7,3.3,5,3.8,2,1,39.1,15.6,58.9,1164,68,2.1,NA,"62:1"
"581",1985,12,12,"4",1,162,6.3,6,0.5,6.4,2.7,2.6,3,3.7,2.5,0.9,55.6,14,33.5,1094,24,2.1,NA,"57:1"
"582",1985,12,12,"4",66,177,6.2,6,NA,NA,2.7,3.3,6,3.4,2,1.1,45.9,20.1,53.8,1147,64,1.8,NA,"70:1"
"583",1984,4,16,"1",1,190,7,10,0.2,12.1,3.2,3,20,3.1,1.3,1,39,33.1,26.4,977,24,0.8,NA,"50:1"
"584",1984,4,16,"1",66,211,6.9,10,0.3,10.9,3.2,4.3,19,1.7,2.2,1.2,45.2,7.8,38,943,24,1,NA,"117:1"
"585",1984,4,16,"2",1,NA,NA,NA,NA,NA,NA,NA,NA,NA,NA,NA,NA,NA,NA,NA,NA,NA,NA,NA
"586",1984,4,16,"2",66,NA,NA,NA,NA,NA,NA,NA,NA,NA,NA,NA,NA,NA,NA,NA,NA,NA,NA,NA
"587",1984,4,16,"3",1,204,6.9,9,0.3,12.1,2.2,4.3,17,1.6,2,1.7,54.6,5.9,13.8,949,24,1.1,NA,"102:1"
"588",1984,4,16,"3",66,206,6.8,10,0.2,12.1,3.2,3.6,25,2.9,1,1,37.4,4.5,31.9,936,24,0.8,NA,"57:1"
"589",1984,4,16,"4",1,NA,NA,NA,NA,NA,NA,NA,NA,NA,NA,NA,NA,NA,NA,NA,NA,NA,NA,NA
"590",1984,4,16,"4",66,NA,NA,NA,NA,NA,NA,NA,NA,NA,NA,NA,NA,NA,NA,NA,NA,NA,NA,NA
"591",1984,5,9,"1",1,189,6.8,9,0.3,9.8,3.2,3.6,19,2.1,1.7,1.3,33.6,11.1,37.5,964,47,1.9,NA,"81:1"
"592",1984,5,9,"1",66,213,6.7,8,0.2,12.1,3.2,3.6,17,1.6,1.6,1.9,36.9,8.7,15.8,974,24,1.1,NA,"79:1"
"593",1984,5,9,"2",1,204,6.9,9,0.3,10.9,3.2,3.6,17,1.8,1.3,1.3,27.1,10.1,20.4,962,24,0.8,NA,"63:1"
"594",1984,5,9,"2",66,212,6.6,8,0.2,8.7,3.2,3.6,18,2.5,1.7,1.7,36.8,19.1,16.1,942,24,0.6,NA,"51:1"
"595",1984,5,11,"3",1,200,6.7,9,0.2,10.9,3.2,3.6,31,3.2,1.7,1.3,58.5,9.2,19.9,960,41,1.1,NA,"58:1"
"596",1984,5,11,"3",66,214,6.8,10,0.3,10.9,4.3,4.3,21,2.8,2,1.3,35.2,8.7,52.3,944,24,0.8,NA,"75:1"
"597",1984,5,11,"4",1,202,6.8,9,0.3,9.8,4.3,3.6,20,2.9,2.2,0.6,51,6.3,13.8,919,24,1.1,NA,"53:1"
"598",1984,5,11,"4",66,213,6.6,11,0.3,14.3,3.2,3,17,2.9,1.8,1.5,45.4,6.3,23.4,953,24,0.9,NA,"57:1"
"599",1984,5,29,"3",1,213,6.6,7,0.3,10.9,2.8,0.2,15,NA,1.5,2.1,NA,7.8,25.9,905,37,0.8,NA,NA
"600",1984,5,29,"3",66,212,6.6,8,0.3,9.8,3.5,3.5,14,2.3,4.4,2,33.8,18.9,30.6,922,24,2.4,NA,"67:1"
"601",1984,5,29,"4",1,196,6.1,7,0.4,8.7,3.5,2.8,6,2.8,2.3,2.1,47.7,26.5,23.9,900,30,NA,NA,"61:1"
"602",1984,5,29,"4",66,215,6.4,7,0.3,10.9,3.5,3.5,9,2.5,1.3,0.7,42.4,11.5,18.6,927,24,1.1,NA,"58:1"
"603",1984,5,31,"1",1,186,6.6,9,0.3,8.7,2.8,2.1,16,2.6,1.1,1,42.4,6.3,14.3,834,37,1,NA,"52:1"
"604",1984,5,31,"1",66,211,6.3,5,0.3,9.8,3.5,2.8,NA,2.1,0.9,0.9,19.2,14.6,31.9,1090,24,0.8,NA,"58:1"
"605",1984,5,31,"2",1,175,6.5,5,0.3,10.9,3.5,2.1,20,2.7,1.3,1.3,47.8,25,24.4,869,24,1.2,NA,"64:1"
"606",1984,5,31,"2",66,209,6.4,8,0.4,13.2,4.2,2.8,12,2.4,1.9,1.6,47.7,17.7,29.9,927,95,1.8,NA,"77:1"
"607",1984,6,20,"3",1,180,6.5,3,0.5,10.9,3.5,3.5,5,3.1,1.3,1.3,55.8,25.7,15.6,856,24,1.8,NA,"55:1"
"608",1984,6,20,"3",66,214,6.5,6,1.1,7.5,3.5,1.2,3,3.3,1.6,1.1,40.7,6.1,19.6,909,133,1.9,NA,"44:1"
"609",1984,6,20,"4",1,177,6.6,9,0.8,9.8,2.8,1.5,3,2.5,1.3,1.2,58,8.2,14.5,856,24,1.5,NA,"69:1"
"610",1984,6,20,"4",66,213,6.5,7,0.5,9.8,4.9,2.8,4,2.7,1,1.1,33.9,5.9,39.7,913,54,1.3,NA,"65:1"
"611",1984,6,22,"1",1,174,6.4,9,0.6,12.1,3.5,2.8,10,9.1,2.9,2.7,118.5,19.8,21.1,856,24,5.1,NA,"37:1"
"612",1984,6,22,"1",66,217,6.5,7,0.4,9.8,2.8,2.8,28,4.1,1.4,1.4,32.3,6.6,21.1,927,68,1.4,NA,"31:1"
"613",1984,6,22,"2",1,168,6.4,6,0.4,5.3,2.8,2.8,6,5.8,0.7,0.7,79.7,13.9,10.5,838,24,4.4,NA,"37:1"
"614",1984,6,22,"2",66,213,6.3,7,2.9,8.7,3.5,3.5,8,3,1.4,1.6,23.1,11.1,35,922,30,2.2,NA,"46:1"
"615",1984,7,14,"1",1,156,6.4,6,1.3,7.5,2.8,2.8,3,11.5,2.5,1.5,122.9,12.8,19.6,838,NA,NA,NA,"28:1"
"616",1984,7,14,"1",66,215,6.6,5,0.4,9.8,3.5,2.8,3,1.7,1.2,1.1,25.6,5.4,38.5,918,24,1.6,NA,"90:1"
"617",1984,7,14,"2",1,163,6.4,9,0.6,NA,3.5,3.5,3,7.2,NA,NA,72.9,NA,NA,767,24,6.4,NA,NA
"618",1984,7,14,"2",66,215,6.4,5,0.4,7.5,3.5,0.2,3,7.3,2.2,1.4,87.3,6.3,10,909,92,2.8,NA,"32:1"
"619",1984,7,15,"3",1,NA,NA,NA,0.6,12.1,2.8,3.5,3,4.1,3.9,3.1,46.5,10.4,26.4,807,24,3,NA,"42:1"
"620",1984,7,15,"3",66,218,6.3,6,0.4,9.8,3.5,2.8,3,3.2,4.7,0.8,26.2,7.6,18.6,918,140,1.1,NA,"33:1"
"621",1984,7,15,"4",1,161,6.2,4,0.6,8.7,3.5,2.8,3,2.8,2.2,1.9,65.6,9.5,11.3,798,24,2.7,NA,"65:1"
"622",1984,7,15,"4",66,NA,NA,NA,NA,NA,NA,NA,NA,NA,NA,NA,NA,NA,NA,NA,NA,NA,NA,NA
"623",1984,7,31,"1",1,144,6.1,5,1.2,8.7,1.8,3.8,15,8.5,3.1,1.7,111.1,31.6,7.6,772,150,8.4,NA,"33:1"
"624",1984,7,31,"1",66,209,6.3,5,0.8,7.5,3.7,2.1,15,2.2,2.3,1.3,29.9,10.2,30.9,998,24,1.3,NA,"34:1"
"625",1984,7,31,"2",1,145,6.4,4,2.2,8.7,2.2,3.8,20,6.8,1.8,1.3,100.6,7,6.33,754,232,6.4,NA,"38:1"
"626",1984,7,31,"2",66,207,6.3,5,1.8,9.8,2.7,5,7,4.3,1.6,0.9,60.6,6,33.5,930,24,1.7,NA,"52:1"
"627",1984,8,3,"3",1,143,6.4,6,1.2,8.7,1.8,3.8,13,8.1,1.8,0.8,125.3,3.6,5,723,200,3.3,NA,"38:1"
"628",1984,8,3,"3",66,213,6.4,5,1.6,9.8,2.7,4.6,17,2.4,1.1,1.1,40.3,2.8,27.2,888,24,2.2,NA,"67:1"
"629",1984,8,3,"4",1,144,6.4,5,2,6.4,1.8,2.9,38,6.7,1.9,1.2,113.6,13.1,5,729,151,5.3,NA,"42:1"
"630",1984,8,3,"4",66,211,6.4,5,1.8,9.8,2.2,4.6,19,1.8,1.4,1.9,42.9,3.8,49.2,998,24,2.3,NA,"122:1"
"631",1984,8,22,"1",1,127,6,4,1.4,8.7,1.8,1.7,19,10.9,3.7,2.5,147.4,11,18.9,754,141,7.9,NA,"36:1"
"632",1984,8,22,"1",66,NA,NA,NA,NA,NA,NA,NA,NA,NA,NA,NA,NA,NA,NA,NA,NA,NA,NA,NA
"633",1984,8,22,"2",1,129,6.1,5,1.4,10.9,1.8,2.1,27,10.5,3.9,3.5,145,2.3,3.4,772,NA,7.9,NA,"34:1"
"634",1984,8,22,"2",66,NA,NA,NA,NA,NA,NA,NA,NA,NA,NA,NA,NA,NA,NA,NA,NA,NA,NA,NA
"635",1984,8,23,"3",1,132,6.4,7,2.9,10.9,1.8,2.9,19,14.2,9.7,2.6,122.2,8.2,3.4,754,128,5.4,NA,"21:1"
"636",1984,8,23,"3",66,NA,NA,NA,NA,NA,NA,NA,NA,NA,NA,NA,NA,NA,NA,NA,NA,NA,NA,NA
"637",1984,8,23,"4",1,134,6.4,5,3.4,9.8,2.7,3.8,12,8.6,3,1,134.5,3.8,3.4,760,161,4.5,NA,"38:1"
"638",1984,8,23,"4",66,NA,NA,NA,NA,NA,NA,NA,NA,NA,NA,NA,NA,NA,NA,NA,NA,NA,NA,NA
"639",1984,9,11,"3",1,126,6.3,5,1.8,13.2,1.8,2.9,57,8.8,3.6,1.7,111.6,9.2,27.6,778,72,NA,NA,"38:1"
"640",1984,9,11,"3",66,214,6.9,4,1.4,9.8,2.2,4.6,11,2.4,2.5,1.9,43.3,5.7,46.1,912,24,1.3,NA,"89:1"
"641",1984,9,11,"4",1,124,6.5,4,4.2,13.2,1.8,3.8,20,8.1,5.2,1.5,66.6,9.7,16.4,760,66,3.9,NA,"24:1"
"642",1984,9,11,"4",66,213,6.4,6,3.2,9.8,1.8,4.6,19,1.9,3.5,2.8,40.7,2.8,49.2,912,24,NA,NA,"113:1"
"643",1984,9,12,"1",1,128,6.4,6,1.2,13.2,3.4,2.5,23,19.3,9,5.4,159.6,23.2,25.2,910,164,1.7,NA,"23:1"
"644",1984,9,12,"1",66,217,6.5,6,1.2,6.4,2.3,3,19,4.5,3.8,3.2,58.1,11.9,59.3,1097,24,NA,NA,"62:1"
"645",1984,9,12,"2",1,130,6.4,5,0.6,8.7,2.5,3,21,7.4,4.2,2.5,65.4,7.7,26.5,902,135,8.2,NA,"30:1"
"646",1984,9,12,"2",66,216,6.6,6,0.5,13.2,2.5,3.8,17,4.3,3.6,2.2,46.7,9.2,65,1089,24,3.9,NA,"62:1"
"647",1984,10,2,"3",1,131,6.3,5,1.9,12.1,2,2.3,19,6.8,2.9,1.7,79.8,10.6,32.1,924,24,3.8,NA,"39:1"
"648",1984,10,2,"3",66,214,6.5,6,0.6,12.1,3.4,2.3,16,2.5,2,2.2,42.5,4.8,53.5,1075,24,1.5,NA,"92:1"
"649",1984,10,2,"4",1,134,6.5,5,2.3,12.1,3.4,2.3,17,8.1,5.2,1.4,87.6,7.5,34.1,913,24,1.4,NA,"36:1"
"650",1984,10,2,"4",66,214,6.4,6,1.6,8.7,4.4,2.3,13,2.2,1.9,1.2,44.1,5.7,63.3,1075,24,NA,NA,"116:1"
"651",1984,10,4,"1",1,127,6.4,5,1.1,10.9,3.4,3,24,7,4.3,1.9,88.5,9.9,34.1,942,362,3.9,NA,"42:1"
"652",1984,10,4,"1",66,217,6.4,6,2.2,9.8,4.4,3,20,2.6,2.2,1.9,48,12.8,53.5,1114,266,1.6,NA,"93:1"
"653",1984,10,4,"2",1,131,6.5,6,1.1,13.2,2.5,3,20,7.7,3.3,2.3,102.6,14.4,35,936,346,3.8,NA,"43:1"
"654",1984,10,4,"2",66,215,6.4,6,1.3,12.1,1.5,5.2,17,4.9,1.2,1.5,56.4,9.9,55.5,1089,189,1.3,NA,"54:1"
"655",1984,10,23,"3",1,143,6.4,6,0.6,17.7,2.5,2.3,27,5,4,4,60,8.4,12.8,979,108,3.4,NA,"35:1"
"656",1984,10,23,"3",66,228,6.5,6,0.6,10.9,5.3,1.9,15,3.7,2,1.8,34.7,7.5,70.9,1101,86,1.3,NA,"68:1"
"657",1984,10,23,"4",1,146,6.3,5,1.3,12.1,3.4,2.3,55,5.3,4.3,1.7,54.6,10.1,47.1,983,134,4.5,NA,"46:1"
"658",1984,10,23,"4",66,231,6.5,7,1.8,12.1,4.4,2.3,14,3.2,4.6,3.3,32.3,8.4,69.4,1077,100,1.9,NA,"76:1"
"659",1984,10,31,"1",1,157,6.5,6,1.5,12.1,4.4,2.2,28,4.6,3.3,1.4,50.3,7.7,50.1,1311,47,2.2,NA,"52:1"
"660",1984,10,31,"1",66,257,6.3,5,3.2,9.8,4.4,4.1,36,5.1,3.4,1.9,54.2,7.5,62.8,1390,24,1.8,NA,"55:1"
"661",1984,10,31,"2",1,163,6.5,7,2.4,10.9,3.4,4.1,22,5.6,3.8,1.7,60.6,8.8,40.9,1298,40,4.5,NA,"43:1"
"662",1984,10,31,"2",66,242,6.4,6,2.4,9.8,4.4,1.6,15,4.9,2.2,1.2,100.2,6.6,66,1377,24,2.4,NA,"81:1"
"663",1984,11,15,"3",1,154,6.6,7,1.1,13.2,4.4,2.2,39,5.4,3.8,3.1,59.7,12.6,32.4,1305,47,2.2,NA,"41:1"
"664",1984,11,15,"3",66,209,6.6,7,2.1,33.5,6.3,3.5,15,3.6,7.6,9,41.2,11.9,58.9,1344,24,1.3,NA,"66:1"
"665",1984,11,15,"4",1,161,6.5,6,1.1,14.3,4.4,3.5,25,5.2,3.9,3,54.3,15.3,45.5,1291,41,2.2,NA,"46:1"
"666",1984,11,15,"4",66,224,6.5,7,1.7,10.9,3.4,4.1,25,3.6,2.6,1.9,42.3,10.8,61.8,1344,41,1.1,NA,"69:1"
"667",1984,11,20,"1",1,155,6.6,7,2.2,9.8,3.4,3.5,27,6.1,5.5,1.8,56.5,9,48.2,1318,74,2.6,NA,"41:1"
"668",1984,11,20,"1",66,214,6.6,7,1.9,33.5,4.4,3.5,27,4.6,7.3,8,47.2,11.3,61.3,1311,24,2.6,NA,"56:1"
"669",1984,11,20,"2",1,166,6.5,7,2.1,13.2,4.4,2.8,21,4.5,3.2,2.4,51.6,11.5,53.5,1298,38,2,NA,"56:1"
"670",1984,11,20,"2",66,219,6.5,7,1.6,10.9,3.4,4.1,26,4.3,1.8,1.4,59.7,10.8,63.5,1331,24,1.3,NA,"68:1"
"671",1984,12,21,"1",1,178,6.6,15,1.4,4.2,3.9,1.1,23,7.5,4.5,1.7,34.7,4.1,63.5,1107,355,3.5,NA,"31:1"
"672",1984,12,21,"1",66,203,6.2,14,1.1,NA,3.9,2.4,22,4.2,3.3,1.3,27,10.9,60.4,1128,151,2.5,NA,"50:1"
"673",1984,12,21,"2",1,186,6.3,13,0.6,22.2,5.7,2.4,9,3.7,3.1,6.8,32,10.1,61.5,1133,136,2.4,NA,"60:1"
"674",1984,12,21,"2",66,187,6.3,11,1.4,NA,3.9,2.4,8,3.6,3.5,6.5,35.2,6.4,61.5,1133,247,1.3,NA,"64:1"
"675",1984,12,21,"3",1,NA,NA,NA,NA,NA,NA,NA,NA,NA,NA,NA,NA,NA,NA,NA,NA,NA,NA,NA
"676",1984,12,21,"3",66,NA,NA,NA,NA,NA,NA,NA,NA,NA,NA,NA,NA,NA,NA,NA,NA,NA,NA,NA
"677",1984,12,21,"4",1,NA,NA,NA,NA,NA,NA,NA,NA,NA,NA,NA,NA,NA,NA,NA,NA,NA,NA,NA
"678",1984,12,21,"4",66,NA,NA,NA,NA,NA,NA,NA,NA,NA,NA,NA,NA,NA,NA,NA,NA,NA,NA,NA
"679",1983,4,18,"1",1,226,6.8,25,NA,NA,3.3,5.1,43,2.6,1.7,0.7,48.5,1.1,48,890,196,1.3,NA,"3.7090277777777776"
"680",1983,4,18,"1",66,231,6.6,8,NA,NA,3.3,7.8,38,2,1.1,0.6,33.5,1.1,64.8,921,93,1,NA,"4.8756944444444441"
"681",1983,4,18,"2",1,147,6.7,14,NA,NA,2.4,5.1,59,2.6,1.5,0.7,41.4,21.2,47.8,890,134,1.7,NA,"3.4173611111111111"
"682",1983,4,18,"2",1,226,6.8,8,NA,NA,3.3,5.1,43,1.7,2.8,1.2,34.6,4.2,52.6,907,211,1.1,NA,"5.084027777777778"
"683",1983,4,20,"3",1,225,6.8,8,NA,NA,3.3,6.5,NA,3.4,1.8,0.6,46,1.7,34.3,906,291,NA,NA,"2.3340277777777776"
"684",1983,4,20,"3",66,235,6.8,10,NA,NA,3.3,4.4,NA,2.1,1.2,0.4,36,1.1,59.9,913,264,NA,NA,"4.5423611111111111"
"685",1983,4,20,"4",1,214,6.8,15,NA,NA,3.3,5.5,45,2.8,1.5,0.9,53.9,2,NA,NA,24,NA,NA,NA
"686",1983,4,20,"4",66,233,6.8,9,NA,NA,3.3,6.1,38,1.6,1.8,0.7,50.5,1.1,615,NA,90,NA,NA,"6.959027777777778"
"687",1983,5,10,"1",1,180,6.6,8,NA,NA,2.4,6.5,40,2.1,1.5,0.7,34.6,10.1,47,873,218,1.8,NA,"3.8756944444444446"
"688",1983,5,10,"1",66,230,6.9,8,NA,NA,3.3,6.5,58,1.6,1.7,0.7,41.4,2.8,66,927,152,1.1,NA,"6.6673611111111111"
"689",1983,5,10,"2",1,200,6.8,8,NA,NA,3.3,3.1,45,1.9,2,1.5,30.4,7,52.1,887,180,1.5,NA,"4.334027777777778"
"690",1983,5,10,"2",66,234,6.6,7,NA,NA,3.7,5.8,39,NA,3.6,2.6,NA,1.4,46.2,939,124,1.7,NA,NA
"691",1983,5,12,"3",1,209,6.8,9,NA,NA,4.1,7.8,41,2.8,2.1,0.9,51.7,4.3,31.9,920,155,1.6,NA,"2.9590277777777776"
"692",1983,5,12,"3",66,233,6.9,8,NA,NA,3.7,4.1,41,1.8,1.3,0.6,26.6,4,58.1,921,158,1.2,NA,"4.6673611111111111"
"693",1983,5,12,"4",1,212,6.7,9,NA,NA,2.8,4.8,47,2.4,2,0.8,39.3,5.4,53.3,932,258,1.8,NA,"3.8340277777777776"
"694",1983,5,12,"4",66,225,6.8,8,NA,NA,3.3,11.9,38,2.3,3.2,2.3,32.8,1.1,47.5,919,155,1.4,NA,"3.4590277777777776"
"695",1983,6,1,"3",1,189,6.7,8,NA,NA,2.5,5.1,6,3.1,2.8,0.8,42.5,1.1,29.1,867,253,1.4,NA,"2.2923611111111111"
"696",1983,6,1,"3",66,233,6.8,8,NA,NA,3,6.6,3,2.3,1.8,0.7,27.9,1.1,39.4,888,92,3.4,NA,"2.9173611111111111"
"697",1983,6,1,"4",1,193,6.8,7,NA,NA,3,6.1,3,2.8,1.5,0.8,31.2,1.1,31.1,893,167,1.4,NA,"2.2090277777777776"
"698",1983,6,1,"4",66,231,6.8,7,NA,NA,3,6.1,16,2,1.5,0.7,21.4,1.1,21.1,970,169,1,NA,"2.1256944444444446"
"699",1983,6,3,"1",1,171,6.8,8,NA,NA,3,5.6,10,4.9,2.4,1,63.4,1.1,21.7,900,194,2.2,NA,"1.7090277777777778"
"700",1983,6,3,"1",66,231,6.8,8,NA,NA,3,6.1,3,2.5,1.7,0.8,36,1.1,30.8,970,137,1.2,NA,"2.6673611111111111"
"701",1983,6,3,"2",1,185,6.8,7,NA,NA,3,5.6,83,2.8,1.4,0.9,41.2,1.1,6.6,835,184,1.4,NA,"1.7090277777777778"
"702",1983,6,3,"2",66,233,6.8,8,NA,NA,3,6.1,11,2,1.1,0.5,45.1,1.1,17.2,930,68,1,NA,"3.0840277777777776"
"703",1983,6,22,"1",1,172,6.8,8,NA,NA,2.5,5.6,3,2.9,2.5,0.6,39.3,1.1,31.2,935,233,2.1,NA,"2.4173611111111111"
"704",1983,6,22,"1",66,224,6.7,8,NA,NA,3.6,6.1,19,3.6,1.9,0.5,45.6,1.1,48.4,855,66,1.3,NA,"2.5840277777777776"
"705",1983,6,22,"2",1,175,6.8,8,NA,NA,3,5.1,18,2.5,2.1,0.9,47.7,1.1,26.2,875,255,1.5,NA,"2.9173611111111111"
"706",1983,6,22,"2",66,231,6.7,8,NA,NA,3,6.1,3,2,2.1,0.7,31.2,1.1,42.6,940,233,0.7,NA,"3.6673611111111111"
"707",1983,6,24,"3",1,176,6.8,8,NA,NA,3,5.1,19,2.2,1.7,0.5,44.2,1.1,32.5,875,291,0.9,NA,"3.4590277777777776"
"708",1983,6,24,"3",66,232,6.8,7,NA,NA,3,6.1,3,2,1.5,0.6,39.3,1.1,60.6,914,154,0.9,NA,"4.959027777777778"
"709",1983,6,24,"4",1,176,6.9,8,NA,NA,3,6.1,8,2.6,2.2,0.8,39.3,1.1,34.7,947,206,1.4,NA,"2.8340277777777776"
"710",1983,6,24,"4",66,233,6.7,8,NA,NA,3,6.1,3,2.2,2.2,0.7,30,1.1,31.5,883,115,1.1,NA,"2.7923611111111111"
"711",1983,7,13,"3",1,164,6.8,7,NA,NA,2.5,5.1,11,3.6,1.3,1.3,45.8,5.7,14.7,944,204,NA,NA,"1.6673611111111111"
"712",1983,7,13,"3",66,237,6.7,8,NA,NA,3,6.1,3,2.3,1.9,1.3,29.3,1.1,40.5,835,48,NA,NA,"3.0006944444444446"
"713",1983,7,13,"4",1,165,6.8,8,NA,NA,2.5,5.1,8,2.4,3.7,1.4,47.4,1.1,25,934,115,NA,NA,"2.9590277777777776"
"714",1983,7,13,"4",66,235,6.7,8,NA,NA,3,6.1,37,2.1,3.8,1.1,21.4,1.1,43.4,903,112,NA,NA,"3.0840277777777776"
"715",1983,7,16,"1",1,157,6.9,8,NA,NA,2.5,5.6,NA,2.7,1.2,1.1,48.1,1.1,12.1,819,202,NA,NA,"2.2090277777777776"
"716",1983,7,16,"1",66,233,6.7,8,NA,NA,3,6.1,NA,2.5,1.6,1.2,33.1,1.1,31.6,846,24,NA,NA,"2.5840277777777776"
"717",1983,7,16,"2",1,165,6.8,8,NA,NA,2.5,5.1,12,2.4,2,1.2,51.5,1.1,21,947,114,NA,NA,"3.0006944444444446"
"718",1983,7,16,"2",66,233,6.7,8,NA,NA,3,6.1,5,2.1,1.8,1.2,23.1,2,33.6,830,109,NA,NA,"2.6673611111111111"
"719",1983,8,2,"1",1,142,6.9,9,NA,NA,3.4,1.9,3,3,1.6,1.4,57.8,7.3,19.5,834,191,2.4,NA,"2.5423611111111111"
"720",1983,8,2,"1",66,232,6.9,10,NA,NA,2.9,3.4,3,2.4,2.6,1.4,32.3,2.4,64.9,966,48,1.7,NA,"4.0423611111111111"
"721",1983,8,2,"2",1,155,6.8,9,NA,NA,2.5,2.8,3,3.6,2,1.3,62.7,1.8,20.9,847,109,NA,NA,"2.2923611111111111"
"722",1983,8,2,"2",66,235,6.8,9,NA,NA,2.9,4,3,3,3.2,1.4,42.1,1.1,51.7,949,45,1.2,NA,"3.1256944444444446"
"723",1983,8,4,"3",1,157,6.9,8,NA,NA,2.9,3.1,3,2.4,2.2,1.4,47,2.7,19.8,846,207,0.9,NA,"2.7506944444444446"
"724",1983,8,4,"3",66,235,6.3,9,NA,NA,2.9,4,3,3.5,2.4,1.4,27.3,1.3,60.4,945,84,0.8,NA,"2.5006944444444446"
"725",1983,8,4,"4",1,159,6.9,8,NA,NA,2.9,3.4,3,3.6,1.4,1.5,56.9,1.1,26.9,848,112,0.6,NA,"2.3340277777777776"
"726",1983,8,4,"4",66,233,6.8,8,NA,NA,3.2,4,5,2.4,1.6,1.4,24,1.2,49.5,933,32,1.7,NA,"3.0423611111111111"
"727",1983,8,24,"3",1,139,6.8,7,NA,NA,2.3,2.7,11,2.4,1.6,1.2,52.6,6,20.8,854,197,1.3,NA,"3.0423611111111111"
"728",1983,8,24,"3",66,233,6.8,8,NA,NA,3.4,3.7,13,2.1,1.8,1.2,29.8,2.5,70.6,944,156,0.8,NA,"4.7506944444444441"
"729",1983,8,24,"4",1,133,6.7,8,NA,NA,2.9,2.2,16,NA,2.2,1.7,NA,1.1,23.8,843,145,0.6,NA,NA
"730",1983,8,24,"4",66,232,6.8,8,NA,NA,2.9,3.2,9,2.4,1.7,1.3,37.2,1.1,64.9,936,140,1.8,NA,"4.2506944444444441"
"731",1983,8,26,"1",1,125,6.8,7,NA,NA,3,2.5,20,3.7,2.1,0.7,66.7,2.8,15.6,843,150,1,NA,"2.2090277777777776"
"732",1983,8,26,"1",66,237,6.8,9,NA,NA,3.4,3.4,13,2.4,1.7,0.6,33.9,1.1,59.2,970,40,0.8,NA,"3.8756944444444446"
"733",1983,8,26,"2",1,136,6.8,7,NA,NA,2.5,2.8,10,2.6,1.6,1,55.3,1.1,14.7,843,153,0.6,NA,"2.6673611111111111"
"734",1983,8,26,"2",66,231,6.7,7,NA,NA,3.4,3.6,5,2.2,1.2,0.5,50.3,1.1,38.2,961,40,0.9,NA,"4.0006944444444441"
"735",1983,9,8,"3",1,123,6.8,9,NA,NA,2.5,1.6,41,3.2,1.4,0.2,46,2.5,29.4,846,184,0.6,NA,"2.3340277777777776"
"736",1983,9,8,"3",66,229,6.8,7,NA,NA,3.5,2.2,13,2.2,1.3,0.2,20.7,1.1,50.5,130,168,0.9,NA,"3.2090277777777776"
"737",1983,9,8,"4",1,102,7.6,6,NA,NA,2.6,1.1,27,2.7,1.3,0.2,47,1.1,32.4,457,245,0.7,NA,"2.9173611111111111"
"738",1983,9,8,"4",66,185,6.7,8,NA,NA,2.9,3.4,9,2,1.2,0.6,29,1.1,62.7,940,24,1.3,NA,"4.5423611111111111"
"739",1983,9,16,"1",1,NA,NA,NA,NA,NA,NA,NA,NA,3.1,2.2,0.4,50.3,3.9,27.3,NA,289,0.9,NA,"2.5006944444444446"
"740",1983,9,16,"1",66,194,7.2,8,NA,NA,3.5,6.6,16,1.7,2.1,0.7,22.4,1.3,51,318,71,1,NA,"4.2923611111111111"
"741",1983,9,16,"2",1,104,7.1,7,0.4,NA,2.5,1.9,23,1.9,1.7,1,47,2.2,21.5,453,91,0.6,NA,"3.5840277777777776"
"742",1983,9,16,"2",66,NA,NA,NA,0.3,NA,4.4,4.1,10,1.5,NA,NA,20.7,NA,NA,749,163,1.3,NA,"1.3756944444444446"
"743",1983,10,20,"1",1,117,6.6,10,NA,NA,2.7,2.5,24,2.4,2.2,0.9,43.9,14.7,30.7,875,217,0.9,NA,"3.0840277777777776"
"744",1983,10,20,"1",66,236,6.7,11,NA,NA,3.4,3.4,27,1.6,1.2,0.7,20.7,1.1,51.8,994,171,1.4,NA,"4.5006944444444441"
"745",1983,10,20,"2",1,126,6.8,8,NA,NA,2.5,2.5,24,1.9,NA,NA,40.6,NA,NA,851,189,NA,NA,NA
"746",1983,10,20,"2",66,231,6.7,8,NA,NA,3.2,2.9,8,2,1.7,0.6,21,1.2,67.1,954,243,1.2,NA,"4.3756944444444441"
"747",1983,11,8,"3",1,142,6.5,7,NA,NA,3.3,3.5,21,2.6,1.6,0.6,42.9,9.1,31,892,24,4.3,NA,"2.8340277777777776"
"748",1983,11,8,"3",66,240,6.3,8,NA,NA,4.5,3.8,10,2.5,1.4,0.6,31.6,3.6,67.4,933,24,2.6,NA,"3.9173611111111111"
"749",1983,11,8,"4",1,153,6.2,7,NA,NA,4.1,3.5,18,2.9,1.7,0.6,43.2,4.2,38.2,867,24,NA,NA,"2.7923611111111111"
"750",1983,11,8,"4",66,234,6.2,8,NA,NA,4.1,4.2,13,2.7,2.2,0.9,40.6,11,66.9,909,24,NA,NA,"3.9590277777777776"
"751",1982,4,13,"3",1,150,7,8,NA,NA,2.9,4.6,41,2.2,1.7,0.8,82.2,5.5,60.1,891,182,1.5,NA,"154:1"
"752",1982,4,13,"3",66,155,7.1,8,NA,NA,2.9,4.6,28,2.1,1.9,0.7,65.2,2.7,69.2,909,72,1.3,NA,"153:1"
"753",1982,4,13,"4",1,155,6.9,7,NA,NA,6.3,15.3,40,2.4,2.6,0.9,43.2,4.9,66.6,914,158,1.6,NA,"109:1"
"754",1982,4,13,"4",66,152,7,8,NA,NA,3.8,4.4,35,4.5,2,1.3,43.2,2.4,62.6,623,93,1.3,NA,"56:1"
"755",1982,4,16,"1",1,147,7,8,NA,NA,2.9,4.1,2.1,16.6,2.1,1.4,173.8,5.9,68,915,59,1.5,NA,"35:1"
"756",1982,4,16,"1",66,155,7,8,NA,NA,2.9,4.1,23,12.5,2.5,1.4,312.8,2.5,65.1,898,104,1.6,NA,"72:1"
"757",1982,4,16,"2",1,150,7,8,NA,NA,2.9,3.8,16,4.6,2.4,1.4,116.1,3.3,59.9,872,93,1.5,NA,"91:1"
"758",1982,4,16,"2",66,155,7,8,NA,NA,2.9,4.6,33,3.1,2.4,0.8,87.3,5.6,66.3,964,74,1.1,NA,"118:1"
"759",1982,5,5,"1",1,155,7,8,NA,NA,3.6,4.1,38,2.5,2.3,0.8,46.6,8,67.5,902,50,1.2,NA,"109:1"
"760",1982,5,5,"1",66,164,7,9,NA,NA,3.6,5.8,24,2.9,1.2,0.9,48.8,1.9,70.5,904,218,1.4,NA,"98:1"
"761",1982,5,5,"2",1,155,7,9,NA,NA,3.6,4.9,30,3.2,1.3,0.9,33.6,2.2,68.2,885,48,1.5,NA,"76:1"
"762",1982,5,5,"2",66,155,6.8,8,NA,NA,3,4.5,26,1.7,1.2,1.1,7.6,1.6,57.6,837,95,1,NA,"92:1"
"763",1982,5,10,"3",1,155,7,8,NA,NA,3.6,5.8,31,3.6,2.5,1.4,33.8,7.4,71.5,898,74,1.4,NA,"70:1"
"764",1982,5,10,"3",66,154,7,8,NA,NA,3.6,5.8,22,3.7,2,1.1,37.2,1.1,79.1,880,52,1.3,NA,"75:1"
"765",1982,5,10,"4",1,153,7.1,8,NA,NA,3.6,4.4,37,2.2,1.4,0.9,20.3,1.1,77,898,74,1.4,NA,"106:1"
"766",1982,5,10,"4",66,154,7,8,NA,NA,2.9,4.6,28,2.5,2.2,1.7,5.9,2.3,70.3,877,85,1,NA,"73:1"
"767",1982,5,27,"1",1,143,6.7,8,NA,NA,7.2,3.1,39,1.8,1.6,1.1,32.9,34.7,69.2,949,108,1.1,NA,"135:1"
"768",1982,5,27,"1",66,202,6.8,8,NA,NA,7.2,3.4,20,1.6,1.5,0.9,19.9,1.6,66.8,984,106,1.4,NA,"129:1"
"769",1982,5,27,"2",1,155,6.7,8,NA,NA,7.2,3.1,29,2.3,1.2,0.7,30.5,1.9,69.1,919,208,1.4,NA,"103:1"
"770",1982,5,27,"2",66,186,6.8,8,NA,NA,7.2,3.1,28,2.7,2.2,0.7,35.6,1.1,69.2,962,91,1.4,NA,"93:1"
"771",1982,5,28,"3",1,186,6.8,8,NA,NA,7.3,3.9,25,2.1,1.6,0.9,10.8,5.3,66.8,969,364,2,NA,"88:1"
"772",1982,5,28,"3",66,194,6.7,7,NA,NA,7.2,3.1,22,1.3,1.1,0.6,10.8,3.3,70.8,948,63,1.3,NA,"150:1"
"773",1982,5,28,"4",1,191,6.8,7,NA,NA,7.2,3.1,26,1.7,1.8,1.1,19.5,36.8,44.9,955,113,1.1,NA,"90:1"
"774",1982,5,28,"4",66,201,6.8,8,NA,NA,7.2,3.4,20,2.2,1.1,0.7,23.1,4,71,951,78,1,NA,"102:1"
"775",1982,6,15,"1",1,NA,NA,NA,NA,NA,7.3,2.3,24,4.6,1.4,1.2,23.3,15.1,44.9,911,143,2.1,NA,"35:1"
"776",1982,6,15,"1",66,NA,NA,NA,NA,NA,7.3,3.1,24,3.3,2.1,1.3,27.2,16.5,75.7,1005,48,1.2,NA,"74:1"
"777",1982,6,15,"2",1,NA,NA,NA,NA,NA,7.2,3.1,24,2.7,2.3,1.1,24,27.7,51.6,944,134,1.5,NA,"67:1"
"778",1982,6,15,"2",66,209,6.8,8,NA,NA,7.2,3.4,17,2.8,1.3,0.9,10.1,2.3,74.3,997,89,1.6,NA,"72:1"
"779",1982,6,17,"3",1,NA,NA,NA,NA,NA,7.2,2.6,26,2.3,1.7,1.2,64.1,10.9,55,949,102,1.6,NA,"123:1"
"780",1982,6,17,"3",66,204,6.8,8,NA,NA,7.2,3.1,35,3.2,1.6,0.7,25.8,9.7,69.7,1014,85,1,NA,"71:1"
"781",1982,6,17,"4",1,NA,NA,NA,NA,NA,7.2,3.1,25,5.4,3.1,1.4,66.7,1.7,56,994,74,1.5,NA,"54:1"
"782",1982,6,17,"4",66,154,7,8,NA,NA,7.2,3.4,28,2.8,2.7,0.9,34.5,6,72.4,980,NA,1.4,NA,"91:1"
"783",1982,7,6,"3",1,153,6.3,4,NA,NA,7.2,2.6,22,2.8,1,0.5,33.7,22,31.9,865,113,1.5,NA,"56:1"
"784",1982,7,6,"3",66,202,6,4,NA,NA,7.3,3.1,21,2.4,1.1,0.6,31.1,1.1,58.5,986,102,1.2,NA,"89:1"
"785",1982,7,6,"4",1,152,7,8,NA,NA,7.2,2.3,15,3.7,1.4,0.8,25.8,1.1,34.7,875,113,1.8,NA,"39:1"
"786",1982,7,6,"4",66,205,6.8,8,NA,NA,7.2,3.1,24,2.5,1.9,0.4,22,1.1,65.8,960,69,2.3,NA,"84:1"
"787",1982,7,14,"1",1,155,6.9,8,NA,NA,7.3,2.6,25,2.9,1.4,0.7,44.4,11.7,39.8,886,154,1.9,NA,"69:1"
"788",1982,7,14,"1",66,207,6.5,7,NA,NA,7.3,2.9,24,4.2,1.9,0.4,37.5,1.1,67.9,994,346,1.9,NA,"60:1"
"789",1982,7,14,"2",1,159,7,8,NA,NA,7.3,2.3,21,2.9,1.6,1.1,44.6,1.9,39,924,240,1.4,NA,"69:1"
"790",1982,7,14,"2",66,211,6.8,8,NA,NA,7.3,2.6,28,2.9,1.2,0.6,39.3,1.1,55.2,978,96,1,NA,"78:1"
"791",1982,7,27,"1",1,151,6.7,3,NA,NA,1.7,0.9,13,5,4.3,1.7,33.6,7.6,31.4,177,172,1.8,NA,"31:1"
"792",1982,7,27,"1",66,234,6.9,8,NA,NA,3.3,4,13,5.8,1.3,0.6,68.2,1.1,69,889,157,1.1,NA,"56:1"
"793",1982,7,27,"2",1,166,6.9,8,NA,NA,2.9,4,16,2.6,1.3,0.6,27.6,1.1,34.5,791,323,0.8,NA,"57:1"
"794",1982,7,27,"2",66,229,6.9,8,NA,NA,3.3,4,7,3.4,1.8,0.9,22.1,1.1,65.7,925,98,1.4,NA,"62:1"
"795",1982,7,29,"3",1,146,7,8,NA,NA,2.5,2.5,6,3.3,1.1,0.6,34.5,4.3,31.5,301,218,1.4,NA,"48:1"
"796",1982,7,29,"3",66,234,6.9,8,NA,NA,3.3,3.4,11,4.5,1.4,0.5,42.4,1.1,60.6,878,120,1.1,NA,"55:1"
"797",1982,7,29,"4",1,168,6.9,8,NA,NA,2.9,2.8,10,3.4,1,0.4,37.7,1.1,32.9,800,200,1.3,NA,"50:1"
"798",1982,7,29,"4",66,231,6.8,8,NA,NA,2.9,4,9,5.3,0.9,0.4,41.7,1.1,68.8,879,163,1.6,NA,"50:1"
"799",1982,8,17,"1",1,148,6.9,8,NA,NA,3.3,2.8,20,6.1,1.9,1.2,50.5,12.6,16,793,160,3,NA,"26:1"
"800",1982,8,17,"1",66,228,6.9,8,NA,NA,3.8,4,25,3.8,1.5,0.6,31,1.5,64.8,912,366,1.4,NA,"60:1"
"801",1982,8,17,"2",1,157,7,8,NA,NA,3.3,2.8,15,2.9,1.2,0.7,25.8,1.1,17.7,828,130,1.8,NA,"36:1"
"802",1982,8,17,"2",66,235,6.9,8,NA,NA,3.3,4,72,3.6,1.5,0.6,23.9,1.1,65.1,898,308,1.3,NA,"59:1"
"803",1982,8,19,"3",1,160,7,8,NA,NA,3.3,2.8,19,3.2,8.2,2.3,43.3,5.6,10.5,789,102,1.6,NA,"33:1"
"804",1982,8,19,"3",66,232,6.9,8,NA,NA,3.3,4,77,5.5,1.9,0.8,53.5,1.1,68.5,892,197,1.1,NA,"53:1"
"805",1982,8,19,"4",1,159,6.9,8,NA,NA,3.3,2.8,15,3.8,1.6,1.3,50.2,1.1,19.1,787,354,1.5,NA,"44:1"
"806",1982,8,19,"4",66,232,6.9,8,NA,NA,3.3,4,20,5,1.7,1.4,51.9,1.1,52,889,209,1.1,NA,"50:1"
"807",1982,9,8,"3",1,144,7,8,NA,NA,3.3,2.8,27,4.6,2.4,0.7,38.5,4.9,27,789,346,2.3,NA,"34:1"
"808",1982,9,8,"3",66,236,6.9,8,NA,NA,3.3,4.7,11,3.2,2,0.2,28.5,1.1,63.2,871,371,1,NA,"68:1"
"809",1982,9,8,"4",1,148,6.9,8,NA,NA,3.8,2.5,32,3.4,2.4,0.4,30,2.8,34.1,786,50,2.5,NA,"45:1"
"810",1982,9,8,"4",66,233,6.9,8,NA,NA,3.3,4.4,16,3.1,2.3,0.2,25.3,2.2,56.9,885,219,1.5,NA,"63:1"
"811",1982,9,9,"1",1,137,7,8,NA,NA,2.5,2.2,34,4.5,2,0.6,47.8,13,15.8,803,130,1.9,NA,"34:1"
"812",1982,9,9,"1",66,229,6.9,8,NA,NA,3.3,4,25,3.5,1.4,0.2,20,2.1,40.3,899,163,1.6,NA,"41:1"
"813",1982,9,9,"2",1,140,7,8,NA,NA,3.3,1.8,18,3.5,2.1,0.3,43.6,1.1,23.1,797,409,2.1,NA,"45:1"
"814",1982,9,9,"2",66,233,6.9,8,NA,NA,3.3,4,8,3,2.5,0.3,15.2,1.1,45,875,114,1.5,NA,"48:1"
"815",1982,10,7,"2",1,148,6.7,9,NA,NA,5,1.4,20,NA,1.7,1.5,NA,26.6,38.1,415,228,3,NA,NA
"816",1982,10,7,"2",66,249,6.8,10,NA,NA,3.8,3.5,6,3.6,1.6,1.1,37.7,9.6,78.6,598,346,1.3,NA,"77:1"
"817",1982,10,7,"3",1,134,6.6,10,NA,10.9,5,4.9,27,5.3,1.8,1.3,40.1,6.4,35.1,366,102,2.7,NA,"34:1"
"818",1982,10,7,"3",66,226,6.7,10,NA,NA,3.8,4.2,12,3.9,1.7,1.3,33.9,7.2,71.1,637,215,2.1,NA,"64:1"
"819",1982,10,19,"1",1,151,6.8,10,NA,NA,6.3,2.8,32,6,2.1,1.5,40.8,20.4,36.3,394,191,3.5,NA,"31:1"
"820",1982,10,19,"1",66,220,6.7,10,NA,NA,3.8,4.2,20,3.8,1.3,1,16.9,8.9,68.6,422,117,2.1,NA,"54:1"
"821",1982,10,19,"2",1,137,6.5,10,NA,NA,3.8,3.5,27,5.6,1.4,1.5,31.6,7.6,40.8,371,133,2.7,NA,"31:1"
"822",1982,10,19,"2",66,245,6.7,10,NA,NA,5,4.2,12,3.9,1.2,1,20.8,6,72.7,590,99,1.8,NA,"57:1"
"823",1982,10,22,"3",1,146,6.6,10,NA,NA,7.5,2.8,37,4.3,1.9,0.4,50.9,5.6,42.4,351,169,2.6,NA,"52:1"
"824",1982,10,22,"3",66,228,6.6,10,NA,NA,5,4.9,14,3.4,1.6,0.4,40.1,2.4,75,508,346,NA,NA,"81:1"
"825",1982,10,22,"4",1,153,6.7,9,NA,NA,5,3.5,24,5.1,1.8,0.4,51.6,3.6,45.4,467,191,2.4,NA,"45:1"
"826",1982,10,22,"4",66,238,6.7,10,NA,NA,3.8,4.2,6,5.2,1.5,0.4,50.9,4.7,61.1,554,212,3,NA,"51:1"
"827",1982,11,10,"1",1,135,6.5,8,NA,NA,3.8,2.1,14,2.8,1.8,0.4,22.3,5.5,42.1,425,142,1.8,NA,"55:1"
"828",1982,11,10,"1",66,267,6.6,10,NA,NA,5,5.6,14,2.6,1.8,0.4,13.2,8.8,46.6,528,209,1.3,NA,"55:1"
"829",1982,11,10,"2",1,168,6.5,10,NA,NA,3.8,3.5,31,2.9,1.6,0.6,26.1,1.1,31,335,194,1.7,NA,"47:1"
"830",1982,11,10,"2",66,255,6.5,10,NA,NA,3.8,5.6,29,2.7,2,0.2,13.2,5.9,77,400,74,1.3,NA,"80:1"
"831",1982,11,16,"3",1,NA,NA,NA,NA,NA,NA,NA,NA,NA,NA,NA,NA,NA,NA,NA,NA,NA,NA,NA
"832",1982,11,16,"3",66,136,6.7,19,NA,NA,16.3,22.8,2884,5.7,28.2,9.3,64.2,30.7,87.6,579,77,1.6,NA,"64:1"
"833",1982,11,16,"4",1,167,6.7,10,NA,NA,5,4.2,32,3.1,1.7,0.2,26.9,3.3,42.2,460,24,1.7,NA,"53:1"
"834",1982,11,16,"4",66,204,6.7,10,NA,NA,5,3.5,24,3.7,1.6,0.2,10.9,2.4,52.3,511,80,1.2,NA,"41:1"
"835",1982,12,2,"1",1,187,6.8,15,NA,NA,3.7,3.1,45,3.3,1.6,1.4,17.8,9.9,39.9,892,148,1.5,NA,"42:1"
"836",1982,12,2,"1",66,261,6.8,15,NA,NA,2.7,3.1,47,3.6,1.4,1,20.5,5.3,29.4,931,130,1.4,NA,"33:1"
"837",1982,12,2,"4",1,166,6.8,15,NA,NA,3.7,3.7,44,3.5,1.6,1.2,36,7.7,29.1,855,105,1.2,NA,"44:1"
"838",1982,12,2,"4",66,205,6.8,14,NA,NA,3.2,4.3,47,3.2,1.8,1.3,23.8,6.5,34.2,881,185,1,NA,"43:1"
"839",1980,4,30,"1",6,174,6.5,5,NA,NA,3,3.4,3,NA,NA,NA,NA,NA,NA,NA,NA,NA,NA,NA
"840",1980,4,30,"1",12,160,6.4,6,NA,NA,2.6,3.4,6,NA,NA,NA,NA,NA,NA,NA,NA,NA,NA,NA
"841",1980,5,5,"A",1,195,7.7,6,NA,NA,2.6,3.4,19,3.6,2.4,0.9,40.8,7.3,74.2,750,194,1.4,NA,"76:1"
"842",1980,5,5,"A",15,187,6.8,7,NA,NA,2.7,4,3,2.5,1.8,1.5,21,16.1,65.2,641,230,1.3,NA,"82:1"
"843",1980,5,5,"A",50,138,6.6,5,NA,NA,2.6,2.8,7,2.5,2.1,1.1,13.4,19.1,48.6,554,178,2,NA,"59:1"
"844",1980,5,5,"A",100,5700,7,55,NA,NA,51.1,103.1,65,22.6,16.1,14.3,313.4,1227,6.9,1329,222,4.6,NA,"34:1"
"845",1980,5,5,"A",150,20000,7.6,38,NA,NA,33.3,410.8,NA,747.6,688.3,770.6,1407,2094,10,5511,313,2.5,NA,"5:1"
"846",1980,6,6,"A",1,193,6.5,8,NA,NA,4.2,2.1,9,2.5,3.3,0.7,22.3,10.6,38.6,624,308,1.2,NA,"58:1"
"847",1980,6,6,"A",6,193,6.6,7,NA,NA,3.4,3.1,26,NA,NA,NA,NA,NA,NA,624,NA,NA,NA,NA
"848",1980,6,6,"A",12,210,7,7,NA,NA,3,3.1,30,NA,NA,NA,NA,NA,NA,628,NA,NA,NA,NA
"849",1980,6,6,"A",15,198,6.3,6,NA,NA,3.4,3.7,25,1.9,1,0.9,79.7,13.5,56.3,639,215,1.1,NA,"171:1"
"850",1980,6,6,"A",50,240,6.2,6,NA,NA,3.4,3.7,6,2,1.2,1,14.9,16.2,57.2,657,178,1.1,NA,"86:1"
"851",1980,6,6,"A",100,6500,6.7,64,NA,NA,NA,116.4,93,11.6,11,10.9,236.8,1102,4.6,3699,481,2.4,NA,"50:1"
"852",1980,6,6,"A",150,2000,7.8,470,NA,NA,340,398.6,68,838.3,754.5,864.8,NA,1369,14.6,3403,475,3.1,NA,NA
"853",1980,7,9,"A",0,159,6.4,5,NA,NA,3.4,2.5,17,NA,NA,NA,NA,NA,NA,865,NA,NA,NA,NA
"854",1980,7,9,"A",1,176,6.7,7,NA,NA,2.5,3.1,36,1.9,1.7,1.2,19.5,6.4,41.8,853,185,NA,NA,"77:1"
"855",1980,7,9,"A",15,190,6.2,5,NA,NA,3.4,3.7,15,2.2,1.3,2.4,8.4,2.2,51.5,986,387,NA,NA,"65:1"
"856",1980,7,9,"A",50,250,6.5,8,NA,NA,2.9,4.3,22,2.6,1.7,0.7,5.4,2.7,69,961,24,NA,NA,"68:1"
"857",1980,7,9,"A",100,25000,6.9,20,NA,NA,34.3,31,70,4.2,6.5,9.5,195.3,108.9,86.5,1408,227,NA,NA,"160:1"
"858",1980,8,7,"A",0,137,6.6,7,NA,NA,2.5,2,26,NA,NA,NA,NA,NA,NA,860,NA,NA,NA,NA
"859",1980,8,7,"A",1,137,6.6,7,NA,NA,3.4,2,20,2.8,1.6,1.2,47,3,24.2,815,136,NA,NA,"61:1"
"860",1980,8,7,"A",2,140,6.5,8,NA,NA,3.4,3.1,33,NA,NA,NA,NA,NA,NA,863,NA,NA,NA,NA
"861",1980,8,7,"A",15,175,6.8,7,NA,NA,3.4,3.1,21,3.2,2.8,1,22,2.8,45.1,906,25,NA,NA,"50:1"
"862",1980,8,11,"A",50,230,6.8,7,NA,NA,2.5,3.7,36,3.2,2.6,0.9,22.5,12.6,79.5,946,29,NA,NA,"76:1"
"863",1980,8,11,"A",100,925,6.6,11,NA,NA,7.7,14.8,23,3.7,1.9,0.9,22.5,4.1,140.6,1108,24,NA,NA,"105:1"
"864",1980,9,11,"A",0,133,6.6,10,NA,NA,2.6,2.5,17,NA,NA,NA,NA,NA,NA,842,NA,NA,NA,NA
"865",1980,9,11,"A",1,131,6.7,9,NA,NA,2.9,2.3,17,2.5,1.9,0.9,46.8,21.4,28.5,844,NA,1.12,NA,"72:1"
"866",1980,9,11,"A",11,129,6.7,9,NA,NA,2.6,2.7,15,NA,NA,NA,NA,NA,NA,824,NA,NA,NA,NA
"867",1980,9,11,"A",15,145,6.7,10,NA,NA,2.6,2.2,16,1.7,1,1.7,40.8,5.7,33.7,849,NA,0.5,NA,"105:1"
"868",1980,9,11,"A",50,240,6.7,9,NA,NA,4.1,4.7,9,1.8,1.9,0.6,12.4,5.5,73.7,909,NA,0.6,NA,"114:1"
"869",1980,9,11,"A",100,5000,6.7,61,NA,NA,31.5,68,180,9.8,7.4,5.9,257.6,716,3.4,1803,170,2.2,NA,"64:1"
"870",1980,10,18,"A",0,135,6.8,7,NA,NA,3.4,2.2,3,6.8,NA,NA,NA,NA,NA,842,NA,NA,NA,NA
"871",1980,10,18,"A",1,136,6.8,7,NA,NA,3,2.2,64,3.4,1.9,1.3,31.6,21.7,46.4,847,143,NA,NA,"55:1"
"872",1980,10,18,"A",7,136,6.8,7,NA,NA,3.8,1.6,68,NA,NA,NA,NA,NA,NA,844,NA,NA,NA,NA
"873",1980,10,18,"A",15,136,6.9,8,NA,NA,3,2.2,3,3.4,1.5,1.4,22,6.3,50.5,847,NA,NA,NA,"51:1"
"874",1980,10,18,"A",50,240,6.8,8,NA,NA,3.8,3.7,21,1.9,0.7,1.8,28.6,3.8,68,942,NA,NA,NA,"121:1"
"875",1980,10,18,"A",100,740,6.9,11,NA,NA,6.9,12.4,57,2,3.2,1.3,13.2,3.2,116.5,1069,NA,NA,NA,"155:1"
"876",1980,12,5,"A",0,172,6.7,7,NA,NA,3.1,2.9,21,3,NA,NA,NA,NA,NA,918,NA,0.5,NA,NA
"877",1980,12,5,"A",1,172,6.7,6,NA,NA,3.1,3.3,19,2.9,1.6,0.8,13.2,28.7,65.3,911,24,0.5,NA,"65:1"
"878",1980,12,5,"A",8,174,6.7,8,NA,NA,3.1,2.4,24,3,NA,NA,NA,NA,NA,891,NA,NA,NA,NA
"879",1980,12,5,"A",50,174,6.8,6,NA,NA,3.1,2.9,22,5.5,2.3,0.9,8.9,4.9,68.8,934,29,0.6,NA,"34:1"
"880",1980,12,5,"A",100,175,6.7,54,NA,NA,NA,25.7,162,8.5,5.1,8.5,598.2,549.9,3.4,1828,442,5.4,NA,"169:1"
"881",1981,2,19,"A",1,15,6.1,7,NA,NA,3,3.3,25,NA,2.3,1,17.7,24.6,84.4,983,24,NA,NA,NA
"882",1981,2,19,"A",15,16,6.1,7,NA,NA,3.8,3.3,7,4.5,2.5,1,43.8,33.7,86.5,964,NA,NA,NA,"69:1"
"883",1981,2,19,"A",50,16,6.2,7,NA,NA,3,6.8,8,2.5,2.5,2.4,30.1,6.2,60.8,1088,NA,NA,NA,"87:1"
"884",1981,2,19,"A",100,950,6.2,7,NA,NA,7,18,32,NA,3.1,1.8,22,4.6,163.4,1177,NA,NA,NA,NA
